iso3,year,month,adj.ac
ALB,2020,1,3105.90341067056
ALB,2020,2,2865.89532818161
ALB,2020,3,2830.39117396727
ALB,2020,4,2561.97976810685
ALB,2020,5,2560.55960193828
ALB,2020,6,2526.47561389251
ALB,2020,7,3076.07992113051
ALB,2020,8,3516.33143338834
ALB,2020,9,2814.76934611296
ALB,2020,10,3412.65930308246
ALB,2020,11,5473.32041368282
ALB,2020,12,4459.32176932124
ALB,2021,1,4263.33883805808
ALB,2021,2,5358.28695402835
ALB,2021,3,4895.31278307335
ALB,2021,4,3435.38196177964
ALB,2021,5,2661.39139990701
ALB,2021,6,2587.54275914118
ALB,2021,7,2584.70242680403
ALB,2021,8,2953.94563063318
ALB,2021,9,3558.93641844555
ALB,2021,10,3634.20522537995
ALB,2021,11,3558.93641844555
ALB,2021,12,3936.70061928614
AND,2020,1,70.000557650323
AND,2020,2,76.1770774429986
AND,2020,3,82.3535972356742
AND,2020,4,123.530395853511
AND,2020,5,74.1182375121067
AND,2020,6,53.5298382031882
AND,2020,7,59.7063579958638
AND,2020,8,39.1179586869452
AND,2020,9,55.5886781340801
AND,2020,10,105.000836475485
AND,2020,11,39.1179586869452
AND,2020,12,84.412437166566
ARG,2020,1,26537
ARG,2020,2,24922
ARG,2020,3,26577
ARG,2020,4,25882
ARG,2020,5,28479
ARG,2020,6,29826
ARG,2020,7,37235
ARG,2020,8,38249
ARG,2020,9,41281
ARG,2020,10,43961
ARG,2020,11,36757
ARG,2020,12,32224
ARM,2020,1,2567
ARM,2020,2,2434
ARM,2020,3,2288
ARM,2020,4,2156
ARM,2020,5,2103
ARM,2020,6,2869
ARM,2020,7,2719
ARM,2020,8,2106
ARM,2020,9,2042
ARM,2020,10,3632
ARM,2020,11,6060
ARM,2020,12,4395
ARM,2021,1,3014
ARM,2021,2,2418
ARM,2021,3,2836
ARM,2021,4,3361
ARM,2021,5,2633
ARM,2021,6,2290
ARM,2021,7,2247
ARM,2021,8,2241
ARM,2021,9,2559
ARM,2021,10,3462
ARM,2021,11,4577
ARM,2021,12,3001
ATG,2020,1,52.6848945711974
ATG,2020,2,49.5238008969256
ATG,2020,3,63.2218734854369
ATG,2020,4,51.6311966797735
ATG,2020,5,54.7922903540453
ATG,2020,6,44.2553114398058
ATG,2020,7,48.4701030055016
ATG,2020,8,46.3627072226537
ATG,2020,9,47.4164051140777
ATG,2020,10,52.6848945711974
ATG,2020,11,51.6311966797735
ATG,2020,12,42.1479156569579
AUS,2020,1,12858.948092044
AUS,2020,2,12409.2786549032
AUS,2020,3,13560.8432794592
AUS,2020,4,13420.4642419762
AUS,2020,5,14058.447022082
AUS,2020,6,13291.4981343698
AUS,2020,7,14411.1065552711
AUS,2020,8,14836.8088396709
AUS,2020,9,13730.8959346216
AUS,2020,10,13443.2901017295
AUS,2020,11,12938.8386011807
AUS,2020,12,13372.5299364942
AUS,2021,1,13111.1738423184
AUS,2021,2,11935.6420650214
AUS,2021,3,13541.4412986689
AUS,2021,4,13524.3219038539
AUS,2021,5,15009.1440808087
AUS,2021,6,14786.5919482136
AUS,2021,7,15805.7665862002
AUS,2021,8,15383.4881807634
AUS,2021,9,14520.6706820872
AUS,2021,10,14108.6639135394
AUS,2021,11,13425.0294139269
AUS,2021,12,13533.4522477552
AUT,2020,1,8191.89380110381
AUT,2020,2,7463.73198534548
AUT,2020,3,8151.53819865852
AUT,2020,4,7458.44907011628
AUT,2020,5,6792.21476065582
AUT,2020,6,6502.68165656651
AUT,2020,7,6791.33427478429
AUT,2020,8,6985.77490474797
AUT,2020,9,6965.23023441218
AUT,2020,10,7905.58914521012
AUT,2020,11,10330.1537401233
AUT,2020,12,9937.31029377401
AUT,2021,1,8720.33207166926
AUT,2021,2,7167.74198486492
AUT,2021,3,7695.29976955883
AUT,2021,4,7496.30996259223
AUT,2021,5,7190.04762694377
AUT,2021,6,7039.92478584729
AUT,2021,7,6984.13524605535
AUT,2021,8,7255.11069584684
AUT,2021,9,7177.199667677
AUT,2021,10,7949.01044578021
AUT,2021,11,9338.89551810272
AUT,2021,12,9160.87701205498
AZE,2020,1,7536.88793829734
AZE,2020,2,7335.98190478661
AZE,2020,3,8432.23004416037
AZE,2020,4,6567.2979504847
AZE,2020,5,6251.3804919932
AZE,2020,6,9030.58062222492
AZE,2020,7,9331.93967249101
AZE,2020,8,7350.54031301203
AZE,2020,9,6580.40051788758
AZE,2020,10,8406.02490935462
AZE,2020,11,12197.0344112527
AZE,2020,12,21109.6919268517
AZE,2021,1,11605.9630373008
AZE,2021,2,7812.04185375769
AZE,2021,3,8263.35250874555
AZE,2021,4,10773.2220868071
AZE,2021,5,7912.49487051305
AZE,2021,6,7567.46059557071
AZE,2021,7,7405.86226426861
AZE,2021,8,9461.5095056972
AZE,2021,9,10977.0398019629
AZE,2021,10,8703.01643715308
AZE,2021,11,11078.9486595408
AZE,2021,12,10361.2191340279
BEL,2020,1,10655.1369538657
BEL,2020,2,9778.42391803357
BEL,2020,3,12450.7872918915
BEL,2020,4,15735.9247362331
BEL,2020,5,9867.64692610498
BEL,2020,6,8343.54487351392
BEL,2020,7,8386.81355635792
BEL,2020,8,10277.5057942859
BEL,2020,9,8556.75503828657
BEL,2020,10,11437.2556968596
BEL,2020,11,14585.8729867107
BEL,2020,12,12335.453871759
BEL,2021,1,11281.4884386212
BEL,2021,2,9343.64825662874
BEL,2021,3,9808.861198379
BEL,2021,4,9877.34507915622
BEL,2021,5,9659.36043903527
BEL,2021,6,8514.82917663429
BEL,2021,7,8828.7509307852
BEL,2021,8,8677.31054083122
BEL,2021,9,8674.1772913839
BEL,2021,10,10260.4967258575
BEL,2021,11,10852.0840619832
BEL,2021,12,11721.9337895021
BGR,2020,1,10153.8571428571
BGR,2020,2,9352.42857142857
BGR,2020,3,9124.71428571429
BGR,2020,4,8552
BGR,2020,5,8511.85714285714
BGR,2020,6,8348.71428571429
BGR,2020,7,8950
BGR,2020,8,8746.71428571429
BGR,2020,9,8129.85714285714
BGR,2020,10,10196.1428571429
BGR,2020,11,17688
BGR,2020,12,17068.4285714286
BGR,2021,1,11277
BGR,2021,2,9871.85714285714
BGR,2021,3,14752.2857142857
BGR,2021,4,15359
BGR,2021,5,10917.8571428571
BGR,2021,6,9077.71428571429
BGR,2021,7,9118.85714285714
BGR,2021,8,9953
BGR,2021,9,11741.5714285714
BGR,2021,10,15677.5714285714
BGR,2021,11,16631.1428571429
BGR,2021,12,13825.5714285714
BIH,2020,1,2849.9770142634
BIH,2020,2,3260.17013453059
BIH,2020,3,3023.01133298653
BIH,2020,4,3264.24153026526
BIH,2020,5,2990.44016710924
BIH,2020,6,3005.70790111422
BIH,2020,7,3120.72483061842
BIH,2020,8,3388.41910017245
BIH,2020,9,3520.73946154896
BIH,2020,10,3568.57836143124
BIH,2020,11,5506.56273113035
BIH,2020,12,6068.41534251371
BIH,2021,1,3513.6145190133
BIH,2021,2,3515.65021688064
BIH,2021,3,4872.44284545675
BIH,2021,4,6159.00389760994
BIH,2021,5,4298.3760468694
BIH,2021,6,3334.47310668818
BIH,2021,7,3121.74267955209
BIH,2021,8,3072.88593073614
BIH,2021,9,3846.45112032192
BIH,2021,10,4198.62685137019
BIH,2021,11,4697.37282886628
BIH,2021,12,4738.0867862129
BLR,2020,1,10725
BLR,2020,2,9622
BLR,2020,3,10690
BLR,2020,4,10886
BLR,2020,5,11966
BLR,2020,6,13016
BLR,2020,7,10759
BLR,2020,8,10413
BLR,2020,9,10659
BLR,2020,10,12704
BLR,2020,11,15565
BLR,2020,12,17531
BLR,2021,1,16127
BLR,2021,2,12554
BLR,2021,3,11036
BLZ,2020,1,178
BLZ,2020,2,166
BLZ,2020,3,166
BLZ,2020,4,145
BLZ,2020,5,157
BLZ,2020,6,168
BLZ,2020,7,156
BLZ,2020,8,156
BLZ,2020,9,149
BLZ,2020,10,189
BLZ,2020,11,253
BLZ,2020,12,275
BOL,2020,1,7839.82128758222
BOL,2020,2,7253.12276849879
BOL,2020,3,7670.29367017001
BOL,2020,4,5024.3332101677
BOL,2020,5,7234.84037838571
BOL,2020,6,13666.9176272607
BOL,2020,7,26386.4750395708
BOL,2020,8,17679.0712393496
BOL,2020,9,8657.5427362764
BOL,2020,10,8197.15891251971
BOL,2020,11,7647.02517366245
BOL,2020,12,7904.64067071041
BOL,2021,1,15167.7356519982
BOL,2021,2,11190.4847846706
BOL,2021,3,9914.04154768453
BOL,2021,4,8847.01477926651
BOL,2021,5,13856.3896702508
BOL,2021,6,16523.9565912958
BOL,2021,7,13163.3208814185
BOL,2021,8,10600.4621946575
BOL,2021,9,8966.68133273395
BOL,2021,10,8454.77440956768
BOL,2021,11,9112.9404536386
BOL,2021,12,17303.451224299
BRA,2020,1,115294.259349034
BRA,2020,2,108196.334180238
BRA,2020,3,122197.985447892
BRA,2020,4,128032.091538502
BRA,2020,5,159536.061077986
BRA,2020,6,145278.189047901
BRA,2020,7,150042.675130264
BRA,2020,8,145784.530078421
BRA,2020,9,131132.159414116
BRA,2020,10,132678.634730222
BRA,2020,11,126408.343294043
BRA,2020,12,143554.79939583
BRA,2021,1,153961.22599698
BRA,2021,2,139093.304532533
BRA,2021,3,212564.608159858
BRA,2021,4,199578.689200417
BRA,2021,5,185569.920689363
BRA,2021,6,174552.427904794
BRA,2021,7,165922.668606317
BRA,2021,8,152329.445434968
BRA,2021,9,132803.288164643
BRA,2021,10,123727.684404553
BRA,2021,11,124970.456777253
BRA,2021,12,128550.226858086
BRB,2020,1,301.18527046357
BRB,2020,2,264.570590524862
BRB,2020,3,288.192964678867
BRB,2020,4,216.144723509151
BRB,2020,5,289.374083386568
BRB,2020,6,281.106252432666
BRB,2020,7,270.476184063363
BRB,2020,8,275.200658894164
BRB,2020,9,220.869198339952
BRB,2020,10,265.751709232562
BRB,2020,11,246.853809909358
BRB,2020,12,284.649608555767
BRB,2021,1,204.333536432148
BRB,2021,2,262.208353109461
BRB,2021,3,380.320223879489
BRB,2021,4,223.231435755352
BRB,2021,5,261.027234401761
BRB,2021,6,290.555202094268
BRB,2021,7,168.89997520114
BRB,2021,8,292.917439509669
BRB,2021,9,278.744015017265
BRN,2020,1,232.751436025612
BRN,2020,2,192.051731365396
BRN,2020,3,192.051731365396
BRN,2020,4,175.517476347183
BRN,2020,5,172.973744805919
BRN,2020,6,231.47957025498
BRN,2020,7,178.061207888446
BRN,2020,8,188.2361340535
BRN,2020,9,155.167624017075
BRN,2020,10,169.158147494024
BRN,2020,11,162.798818640865
BRN,2020,12,178.061207888446
CAN,2020,1,27018.5714285714
CAN,2020,2,23896.4285714286
CAN,2020,3,26059.2857142857
CAN,2020,4,28754.2857142857
CAN,2020,5,26931.4285714286
CAN,2020,6,22723.5714285714
CAN,2020,7,23375.7142857143
CAN,2020,8,23642.1428571429
CAN,2020,9,23736.4285714286
CAN,2020,10,25667.1428571429
CAN,2020,11,26628.5714285714
CAN,2020,12,29080
CAN,2021,1,28814.2857142857
CAN,2021,2,23407.1428571429
CAN,2021,3,24038.5714285714
CAN,2021,4,23182.8571428571
CAN,2021,5,23200
CAN,2021,6,21230.7142857143
CAN,2021,7,24329.2857142857
CAN,2021,8,24376.4285714286
CAN,2021,9,24478.5714285714
CHE,2020,1,6280
CHE,2020,2,5802
CHE,2020,3,6776
CHE,2020,4,6808
CHE,2020,5,5233
CHE,2020,6,5072
CHE,2020,7,5334
CHE,2020,8,5402
CHE,2020,9,5451
CHE,2020,10,6389
CHE,2020,11,9272
CHE,2020,12,9794
CHE,2021,1,8007
CHE,2021,2,5544
CHE,2021,3,5703
CHE,2021,4,5459
CHE,2021,5,5490
CHE,2021,6,5133
CHE,2021,7,4794
CHE,2021,8,6390
CHE,2021,9,5381
CHE,2021,10,5315
CHE,2021,11,7606
CHE,2021,12,6697
CHL,2020,1,8985.91753163099
CHL,2020,2,7984.11012544406
CHL,2020,3,8737.1119769078
CHL,2020,4,8887.56919095502
CHL,2020,5,12284.8100535189
CHL,2020,6,15924.9870647394
CHL,2020,7,12533.4724519966
CHL,2020,8,11108.4951840365
CHL,2020,9,10239.2504612061
CHL,2020,10,10299.3760843268
CHL,2020,11,9387.75711282086
CHL,2020,12,9805.63019350958
CHL,2021,1,11189.5216190039
CHL,2021,2,10275.3258350785
CHL,2021,3,11872.3769101602
CHL,2021,4,12040.156029916
CHL,2021,5,12805.8987872315
CHL,2021,6,13595.5486375497
CHL,2021,7,13233.5064926159
CHL,2021,8,11268.9733352705
CHL,2021,9,10111.8414026885
CHL,2021,10,10301.5234280097
CHL,2021,11,10197.8783062492
CHL,2021,12,10774.2253507346
COL,2020,1,21666.8571428571
COL,2020,2,19432.1428571429
COL,2020,3,19722.2857142857
COL,2020,4,18466.8571428571
COL,2020,5,20551.7142857143
COL,2020,6,24491
COL,2020,7,32477.7142857143
COL,2020,8,32698.5714285714
COL,2020,9,27097.7142857143
COL,2020,10,27519.1428571429
COL,2020,11,26845.8571428572
COL,2020,12,30735.5714285714
COL,2021,1,36154
COL,2021,2,24811.7142857143
COL,2021,3,25522.8571428571
COL,2021,4,34984
COL,2021,5,40568.4285714286
COL,2021,6,44255.5714285714
COL,2021,7,37827
COL,2021,8,25754.1428571429
COL,2021,9,22236.7142857143
COL,2021,10,22943.4285714286
COL,2021,11,23232.5714285714
COL,2021,12,26009
CRI,2020,1,2160
CRI,2020,2,1914
CRI,2020,3,2003
CRI,2020,4,1881
CRI,2020,5,1862
CRI,2020,6,1857
CRI,2020,7,2059
CRI,2020,8,2273
CRI,2020,9,2536
CRI,2020,10,2467
CRI,2020,11,2300
CRI,2020,12,2897
CUB,2020,1,10076.5448011518
CUB,2020,2,9278.06065822356
CUB,2020,3,10181.180763902
CUB,2020,4,9478.18963552237
CUB,2020,5,8677.67372632713
CUB,2020,6,8858.50092408951
CUB,2020,7,9437.55431018251
CUB,2020,8,9553.36498740111
CUB,2020,9,8480.59239842881
CUB,2020,10,9225.23473528174
CUB,2020,11,9610.25444287692
CUB,2020,12,11367.7322638259
CYP,2020,1,736.150705733985
CYP,2020,2,628.117013904483
CYP,2020,3,629.638615197857
CYP,2020,4,553.102070141181
CYP,2020,5,633.899098819302
CYP,2020,6,487.977534784806
CYP,2020,7,532.256132421968
CYP,2020,8,487.825374655468
CYP,2020,9,497.563622933057
CYP,2020,10,524.495965825764
CYP,2020,11,569.078883721601
CYP,2020,12,721.999813705613
CYP,2021,1,723.673575128324
CYP,2021,2,582.164654844611
CYP,2021,3,613.661801617437
CYP,2021,4,701.306036115737
CYP,2021,5,577.599850964491
CYP,2021,6,536.212295784738
CYP,2021,7,690.806987191462
CYP,2021,8,753.192640219765
CYP,2021,9,609.705638254667
CYP,2021,10,583.990576396658
CYP,2021,11,625.834611964423
CYP,2021,12,626.59541261111
CZE,2020,1,10226
CZE,2020,2,9802
CZE,2020,3,10219
CZE,2020,4,9279
CZE,2020,5,8795
CZE,2020,6,8847
CZE,2020,7,9178
CZE,2020,8,9379
CZE,2020,9,9459
CZE,2020,10,14189
CZE,2020,11,15751
CZE,2020,12,14165
CZE,2021,1,16164
CZE,2021,2,13769
CZE,2021,3,16729
CZE,2021,4,11658
CZE,2021,5,9512
CZE,2021,6,8568
CZE,2021,7,8955.91715224015
CZE,2021,8,8851.28552743495
CZE,2021,9,9036.95962788456
CZE,2021,10,10319.1673675444
CZE,2021,11,13089.5175662247
CZE,2021,12,13911.375100483
DEU,2020,1,84926.4285714286
DEU,2020,2,79969.8571428572
DEU,2020,3,87772.7142857143
DEU,2020,4,82922
DEU,2020,5,76182.1428571429
DEU,2020,6,72142.7142857143
DEU,2020,7,73911
DEU,2020,8,78694
DEU,2020,9,74212
DEU,2020,10,79977.4285714286
DEU,2020,11,86677
DEU,2020,12,108630.428571429
DEU,2021,1,106407.285714286
DEU,2021,2,81558.1428571429
DEU,2021,3,81644
DEU,2021,4,81664.5714285714
DEU,2021,5,80694.2857142857
DEU,2021,6,76118.5714285714
DEU,2021,7,76358.7142857143
DEU,2021,8,76079.2857142857
DEU,2021,9,77157.8571428571
DEU,2021,10,84625.1428571429
DEU,2021,11,93949.8571428572
DEU,2021,12,101273.571428571
DNK,2020,1,4843.25831920937
DNK,2020,2,4365.23545581979
DNK,2020,3,4887.80884678328
DNK,2020,4,4729.08863922091
DNK,2020,5,4388.87158781238
DNK,2020,6,4194.91205618832
DNK,2020,7,4350.62402876982
DNK,2020,8,4331.71512317575
DNK,2020,9,4324.55265893557
DNK,2020,10,4460.06648235977
DNK,2020,11,4630.38988199123
DNK,2020,12,5283.03362355639
DNK,2021,1,5482.00688014857
DNK,2021,2,4329.8528824733
DNK,2021,3,4457.91774308771
DNK,2021,4,4362.08397155411
DNK,2021,5,4699.29278798176
DNK,2021,6,4413.79696336821
DNK,2021,7,4606.32400214423
DNK,2021,8,4792.97782024331
DNK,2021,9,4621.65167561822
DNK,2021,10,4992.81057254432
DNK,2021,11,4994.95931181637
DNK,2021,12,5608.92574648455
DOM,2020,1,6796.77048201436
DOM,2020,2,6007.37201113029
DOM,2020,3,5552.26807089315
DOM,2020,4,4491.46215928584
DOM,2020,5,4850.58054121843
DOM,2020,6,6139.76588465383
DOM,2020,7,7865.85101071688
DOM,2020,8,7240.28995831819
DOM,2020,9,5641.63393552154
DZA,2020,1,19266.3919744476
DZA,2020,2,17714.5482475148
DZA,2020,3,17795.2217120196
DZA,2020,4,16829.3810675314
DZA,2020,5,16619.8541527759
DZA,2020,6,20280.4126046817
DZA,2020,7,36045.3521266635
DZA,2020,8,26233.4420062659
DZA,2020,9,19096.0813271597
DZA,2020,10,20913.4752080875
DZA,2020,11,29244.130882994
DZA,2020,12,23974.5850001312
ECU,2020,1,7084.24684732781
ECU,2020,2,6702.62911380395
ECU,2020,3,12300.9363222635
ECU,2020,4,22335.705572535
ECU,2020,5,11203.4735591883
ECU,2020,6,10025.4158744498
ECU,2020,7,11972.165162132
ECU,2020,8,10988.8135840812
ECU,2020,9,8785.7817988854
ECU,2020,10,8405.87885092884
ECU,2020,11,8140.55475678766
ECU,2020,12,8577.04562846528
ECU,2021,1,10478.8987122035
ECU,2021,2,9785.96945341526
ECU,2021,3,12315.4340547871
ECU,2021,4,14518.7776191769
ECU,2021,5,12043.5625975707
ECU,2021,6,9033.95803735353
ECU,2021,7,8707.99288996856
ECU,2021,8,7668.20927779366
ECU,2021,9,7201.1640450986
ECU,2021,10,7244.03368428123
ECU,2021,11,7264.29933189483
ECU,2021,12,8035.79694758503
EGY,2020,1,57432.5889509061
EGY,2020,2,50244.9454105822
EGY,2020,3,49535.1542684321
EGY,2020,4,42424.1359082267
EGY,2020,5,57213.8038971468
EGY,2020,6,79728.4999132742
EGY,2020,7,61581.4391638999
EGY,2020,8,56979.8954525746
EGY,2020,9,49756.964000354
EGY,2020,10,46274.5512091801
EGY,2020,11,51097.9046524274
EGY,2020,12,69410.3144746889
EGY,2021,1,71720.1603648393
EGY,2021,2,54906.982685159
EGY,2021,3,61929.2771525956
EGY,2021,4,68631.9639608539
EGY,2021,5,75176.3592786042
EGY,2021,6,55049.1425587998
EGY,2021,7,55855.7234021522
EGY,2021,8,56662.3042455046
EGY,2021,9,57065.5946671808
EGY,2021,10,65635.5161277998
EGY,2021,11,60695.2084622665
ESP,2020,1,44015.8111791796
ESP,2020,2,37281.6493457194
ESP,2020,3,61302.7360830041
ESP,2020,4,61131.560953488
ESP,2020,5,35845.2475722008
ESP,2020,6,31666.664303267
ESP,2020,7,35839.6641774183
ESP,2020,8,36875.5308410134
ESP,2020,9,35446.7695024603
ESP,2020,10,40896.1628101792
ESP,2020,11,43507.4283910889
ESP,2020,12,42522.2530748611
ESP,2021,1,54640.5706559499
ESP,2021,2,41857.8290957438
ESP,2021,3,38227.4470355864
ESP,2021,4,35958.9725080338
ESP,2021,5,35492.7590436951
ESP,2021,6,33788.6481834998
ESP,2021,7,36675.7040803766
ESP,2021,8,39547.4791073224
ESP,2021,9,34301.5858462815
ESP,2021,10,34973.9441232477
ESP,2021,11,38607.8525380045
ESP,2021,12,44023.0108198202
EST,2020,1,1366.04030242329
EST,2020,2,1284.37798607648
EST,2020,3,1415.09540411572
EST,2020,4,1335.30872401009
EST,2020,5,1298.51739774077
EST,2020,6,1185.69066384818
EST,2020,7,1264.75594539951
EST,2020,8,1263.31314829091
EST,2020,9,1277.01972082262
EST,2020,10,1291.1591324869
EST,2020,11,1330.54749355171
EST,2020,12,1552.59396856538
EST,2021,1,1679.99295325483
EST,2021,2,1481.17551168964
EST,2021,3,1832.6408873448
EST,2021,4,1596.02216153426
EST,2021,5,1445.82698252892
EST,2021,6,1381.1896720636
EST,2021,7,1393.57142857143
EST,2021,8,1349.57142857143
EST,2021,9,1434
EST,2021,10,1640.85714285714
EST,2021,11,1738.28571428571
EST,2021,12,1691.85714285714
FIN,2020,1,4813.48420432417
FIN,2020,2,4627.23336831504
FIN,2020,3,5047.39765584745
FIN,2020,4,4988.29601260991
FIN,2020,5,4710.67960901519
FIN,2020,6,4478.23269950774
FIN,2020,7,4455.20798985936
FIN,2020,8,4471.77991463813
FIN,2020,9,4636.61923721629
FIN,2020,10,4803.07175601185
FIN,2020,11,4737.37067370312
FIN,2020,12,5156.50838182445
FIN,2021,1,5223.23604354426
FIN,2021,2,4568.42503348066
FIN,2021,3,4821.69683961276
FIN,2021,4,4576.78432297084
FIN,2021,5,4742.21026235532
FIN,2021,6,4486.29868059474
FIN,2021,7,4838.70872699627
FIN,2021,8,4895.17059460534
FIN,2021,9,4884.31818368827
FIN,2021,10,5261.36613595558
FIN,2021,11,5141.69630746467
FIN,2021,12,5504.07883957378
FRA,2020,1,56156.7142857143
FRA,2020,2,50336.5714285714
FRA,2020,3,62879.2857142857
FRA,2020,4,64568.5714285714
FRA,2020,5,48036.7142857143
FRA,2020,6,45099.7142857143
FRA,2020,7,46026.4285714286
FRA,2020,8,48095.4285714286
FRA,2020,9,48210.7142857143
FRA,2020,10,57391.1428571429
FRA,2020,11,64918.2857142857
FRA,2020,12,63052.4285714286
FRA,2021,1,65408.5714285714
FRA,2021,2,55829.4285714286
FRA,2021,3,57213
FRA,2021,4,55898.7142857143
FRA,2021,5,51204.8571428572
FRA,2021,6,44897.5714285714
FRA,2021,7,47321.1428571429
FRA,2021,8,49173.5714285714
FRA,2021,9,48205.8571428571
FRA,2021,10,52544.2857142857
FRA,2021,11,52934.8571428572
FRA,2021,12,62546.2857142857
GBR,2020,1,64755.7197867456
GBR,2020,2,52652.8797786543
GBR,2020,3,58868.0255147642
GBR,2020,4,97067.57774438
GBR,2020,5,64861.2644104513
GBR,2020,6,48214.0120517521
GBR,2020,7,45990.2657694653
GBR,2020,8,47309.5735657865
GBR,2020,9,46928.6188713585
GBR,2020,10,54305.0478356097
GBR,2020,11,61260.0292234848
GBR,2020,12,61291.1663493149
GBR,2021,1,89350.9793350275
GBR,2021,2,66838.3988088163
GBR,2021,3,53462.2988665469
GBR,2021,4,46801.000510562
GBR,2021,5,48265.3225267115
GBR,2021,6,45877.9966960498
GBR,2021,7,50459.978254819
GBR,2021,8,52237.279549852
GBR,2021,9,53228.6973309767
GBR,2021,10,57626.7798085522
GBR,2021,11,59117.8534398515
GBR,2021,12,59849.2104376349
GEO,2020,1,5295.74234154825
GEO,2020,2,4730.71065327075
GEO,2020,3,4576.29915951071
GEO,2020,4,4167.96654267858
GEO,2020,5,4415.02493269466
GEO,2020,6,4029.56809271587
GEO,2020,7,4238.88145092394
GEO,2020,8,3844.27430020382
GEO,2020,9,3773.35939195846
GEO,2020,10,4672.37742229473
GEO,2020,11,6781.5240481727
GEO,2020,12,7277.92840589018
GEO,2021,1,5832.17930875908
GEO,2021,2,4410.44977732399
GEO,2021,3,4879.40320281746
GEO,2021,4,4700.97214336141
GEO,2021,5,5134.46811473221
GEO,2021,6,4576.29915951071
GRC,2020,1,12802.653843712
GRC,2020,2,11167.1689855713
GRC,2020,3,11373.477505379
GRC,2020,4,9967.06425791866
GRC,2020,5,9934.93660434525
GRC,2020,6,9773.86612589199
GRC,2020,7,10617.9734007199
GRC,2020,8,10693.1780427169
GRC,2020,9,9711.62780148072
GRC,2020,10,10031.1754948701
GRC,2020,11,12838.2391819749
GRC,2020,12,13223.0506738789
GRC,2021,1,11642.3124899888
GRC,2021,2,10271.4845807914
GRC,2021,3,12309.2134244791
GRC,2021,4,12294.2301241579
GRC,2021,5,11618.6849779438
GRC,2021,6,11218.4579751324
GRC,2021,7,12128.8375398427
GRC,2021,8,13497.9366066954
GRC,2021,9,10978.2929594065
GRC,2021,10,11404.4525973893
GRC,2021,11,13048.5816672538
GRC,2021,12,14689.3971226242
GTM,2020,1,7686.52949756958
GTM,2020,2,7276.60687786293
GTM,2020,3,7158.59399867395
GTM,2020,4,6346.91518645012
GTM,2020,5,7184.69454047558
GTM,2020,6,10035.8985117633
GTM,2020,7,13542.658422535
GTM,2020,8,11061.5056911465
GTM,2020,9,9284.26695828556
GTM,2020,10,9055.44687095712
GTM,2020,11,8899.80437628725
GTM,2020,12,8763.53713043946
GTM,2021,1,9368.01286848344
GTM,2021,2,7980.68100241376
GTM,2021,3,9262.97019718361
GTM,2021,4,10315.7988005317
GTM,2021,5,10595.5389632769
GTM,2021,6,10587.2124100641
GTM,2021,7,12641.629289297
GTM,2021,8,15036.3139680911
GTM,2021,9,17437.3667702141
GTM,2021,10,14420.1268961174
GTM,2021,11,11702.1583124532
GTM,2021,12,10614.4135375144
HRV,2020,1,4750.47846439406
HRV,2020,2,4387.50509630167
HRV,2020,3,4804.37972284696
HRV,2020,4,4088.75450423826
HRV,2020,5,3952.28110517667
HRV,2020,6,4057.93330592078
HRV,2020,7,4257.76935454669
HRV,2020,8,4206.87853872015
HRV,2020,9,4226.23138417531
HRV,2020,10,4831.18699766263
HRV,2020,11,6131.6982122496
HRV,2020,12,7566.10244650414
HRV,2021,1,5879.10774045703
HRV,2021,2,4573.57912149279
HRV,2021,3,4849.53636224234
HRV,2021,4,5586.37803364634
HRV,2021,5,5196.16732750593
HRV,2021,6,4600.52975071924
HRV,2021,7,4407.14465057839
HRV,2021,8,4441.40635475457
HRV,2021,9,4685.25220748963
HRV,2021,10,5306.98028703809
HRV,2021,11,6741.95793893575
HRV,2021,12,6817.3623590055
HUN,2020,1,11784.4285714286
HUN,2020,2,11154.1428571429
HUN,2020,3,11660
HUN,2020,4,10491.7142857143
HUN,2020,5,9923.85714285714
HUN,2020,6,9669.57142857143
HUN,2020,7,9778.42857142857
HUN,2020,8,9977
HUN,2020,9,10312.4285714286
HUN,2020,10,12589
HUN,2020,11,16719.1428571429
HUN,2020,12,17032.5714285714
HUN,2021,1,13731.8571428571
HUN,2021,2,11917.5714285714
HUN,2021,3,18073.1428571429
HUN,2021,4,15397.2857142857
HUN,2021,5,11076.4285714286
HUN,2021,6,10458.7142857143
HUN,2021,7,10426.8571428571
HUN,2021,8,9880.14285714286
HUN,2021,9,10278.5714285714
HUN,2021,10,12010.5714285714
HUN,2021,11,15863.4285714286
HUN,2021,12,16303.5714285714
IND,2020,1,966240.8435
IND,2020,2,802034.2755
IND,2020,3,695153.9015
IND,2020,4,528469.255
IND,2020,5,695275.57
IND,2020,6,810539.1535
IND,2020,7,881450.269
IND,2020,8,1032294.06725
IND,2020,9,1127833.6625
IND,2020,10,1052044.66775
IND,2020,11,971941.59925
IND,2020,12,1074712.504
IND,2021,1,1093001.07625
IND,2021,2,970970.76175
IND,2021,3,885143.30125
IND,2021,4,1157350.93275
IND,2021,5,2162674.8875
IND,2021,6,1961720.2825
IND,2021,7,1280136.279
IND,2021,8,869526.343
IND,2021,9,806071.2815
IRL,2020,1,2969
IRL,2020,2,2650
IRL,2020,3,2898
IRL,2020,4,3502
IRL,2020,5,2681
IRL,2020,6,2225
IRL,2020,7,2285
IRL,2020,8,2360
IRL,2020,9,2381
IRL,2020,10,2723
IRL,2020,11,2548
IRL,2020,12,2759
IRL,2021,1,3973
IRL,2021,2,3178
IRL,2021,3,2665
IRL,2021,4,2534
IRL,2021,5,2658
IRL,2021,6,2340
IRL,2021,7,2600
IRL,2021,8,2586
IRL,2021,9,2678
IRL,2021,10,2948
IRL,2021,11,3039
IRL,2021,12,3155
IRN,2020,1,33630
IRN,2020,2,32475.8
IRN,2020,3,41565.3428571429
IRN,2020,4,38219.7
IRN,2020,5,32762.2857142857
IRN,2020,6,38447.8142857143
IRN,2020,7,45676.8714285714
IRN,2020,8,43301.7
IRN,2020,9,39522.6142857143
IRN,2020,10,50862.2714285714
IRN,2020,11,61414.9714285714
IRN,2020,12,46992.3142857143
IRN,2021,1,39008.0428571429
IRN,2021,2,33174.6428571429
IRN,2021,3,36013.7571428571
IRN,2021,4,48600.9428571429
IRN,2021,5,47385.1285714286
IRN,2021,6,38808.0857142857
IRN,2021,7,42896.8142857143
IRN,2021,8,65543.9
IRN,2021,9,57553.9714285714
IRN,2021,10,45521.2428571429
IRN,2021,11,39369.3428571429
IRN,2021,12,37352.0142857143
IRQ,2020,1,14954.7252335876
IRQ,2020,2,13554.8841024422
IRQ,2020,3,12747.7444968531
IRQ,2020,4,11632.932863391
IRQ,2020,5,12531.9745032798
IRQ,2020,6,18779.980922122
IRQ,2020,7,24260.8051415923
IRQ,2020,8,22324.2028535948
IRQ,2020,9,20676.6258039022
IRQ,2020,10,18849.2404262319
IRQ,2020,11,17011.199740237
IRQ,2020,12,16326.5961803809
ISL,2020,1,236.070711973109
ISL,2020,2,199.388044949719
ISL,2020,3,201.310926688848
ISL,2020,4,212.256561203892
ISL,2020,5,202.346324548379
ISL,2020,6,155.45759290961
ISL,2020,7,179.123829698894
ISL,2020,8,168.474023143716
ISL,2020,9,189.477808294206
ISL,2020,10,230.154152775788
ISL,2020,11,201.015098728982
ISL,2020,12,209.889937524964
ISL,2021,1,218.616862341012
ISL,2021,2,196.281851371125
ISL,2021,3,194.802711571795
ISL,2021,4,208.706625685499
ISL,2021,5,193.175657792532
ISL,2021,6,200.719270769116
ISL,2021,7,210.481593444696
ISL,2021,8,204.417120267442
ISL,2021,9,169.361507023315
ISL,2021,10,178.236345819296
ISL,2021,11,209.002453645366
ISL,2021,12,229.414582876123
ISR,2020,1,4583.42857142857
ISR,2020,2,3951.57142857143
ISR,2020,3,4212
ISR,2020,4,3889.57142857143
ISR,2020,5,3855.28571428571
ISR,2020,6,3385.42857142857
ISR,2020,7,3740.71428571429
ISR,2020,8,4004.28571428571
ISR,2020,9,4211.42857142857
ISR,2020,10,4607.28571428571
ISR,2020,11,3846.14285714286
ISR,2020,12,4465.71428571429
ISR,2021,1,5554
ISR,2021,2,4497
ISR,2021,3,4473
ISR,2021,4,3976.14285714286
ISR,2021,5,3842
ISR,2021,6,3508
ISR,2021,7,3737
ISR,2021,8,4522.57142857143
ISR,2021,9,4281
ISR,2021,10,4142.14285714286
ISR,2021,11,3799.28571428571
ISR,2021,12,4436.85714285714
ITA,2020,1,62446.451174346
ITA,2020,2,56859.3367212924
ITA,2020,3,88438.6415217743
ITA,2020,4,72721.3629453766
ITA,2020,5,53052.7630824311
ITA,2020,6,49410.9122666372
ITA,2020,7,52475.0752205141
ITA,2020,8,53939.9214151021
ITA,2020,9,50193.7075453262
ITA,2020,10,61146.7620457683
ITA,2020,11,79837.157305648
ITA,2020,12,75771.1958821325
ITA,2021,1,75231.2871562616
ITA,2021,2,60043.7849703967
ITA,2021,3,69453.1058082617
ITA,2021,4,63897.4015947561
ITA,2021,5,55541.5541367539
ITA,2021,6,52787.730139517
ITA,2021,7,54616.7614156844
ITA,2021,8,57261.735181861
ITA,2021,9,51790.1293516613
ITA,2021,10,55508.8411683767
ITA,2021,11,55927.1618701909
ITA,2021,12,65889.8529651616
JAM,2020,1,1575.16358165565
JAM,2020,2,1415.43717254644
JAM,2020,3,1503.83921029242
JAM,2020,4,1463.65646586243
JAM,2020,5,1429.50113309694
JAM,2020,6,1485.75697529892
JAM,2020,7,1519.91230806442
JAM,2020,8,1626.39658080389
JAM,2020,9,1649.50165885114
JAM,2020,10,1616.35089469639
JAM,2020,11,1554.06764082991
JOR,2020,1,3226
JOR,2020,2,2490
JOR,2020,3,2486
JOR,2020,4,2084
JOR,2020,5,2350
JOR,2020,6,2068
JOR,2020,7,2113
JOR,2020,8,2202
JOR,2020,9,2290
JOR,2020,10,3414
JOR,2020,11,4960
JOR,2020,12,3390
JPN,2020,1,132622
JPN,2020,2,117010
JPN,2020,3,119161
JPN,2020,4,113362
JPN,2020,5,108380
JPN,2020,6,100423
JPN,2020,7,104849
JPN,2020,8,111591
JPN,2020,9,107468
JPN,2020,10,118038
JPN,2020,11,118455
JPN,2020,12,133185
JPN,2021,1,140844
JPN,2021,2,118984
JPN,2021,3,123579
JPN,2021,4,118169
JPN,2021,5,118634
JPN,2021,6,108734
JPN,2021,7,112222
JPN,2021,8,117804
JPN,2021,9,115706
JPN,2021,10,120781
JPN,2021,11,122806
JPN,2021,12,134026
KAZ,2020,1,11728
KAZ,2020,2,10892
KAZ,2020,3,11075
KAZ,2020,4,10079
KAZ,2020,5,10796
KAZ,2020,6,16936
KAZ,2020,7,30691
KAZ,2020,8,12851
KAZ,2020,9,10935
KAZ,2020,10,11251
KAZ,2020,11,11461
KAZ,2020,12,12177
KAZ,2021,1,12919
KAZ,2021,2,10921
KAZ,2021,3,11928
KAZ,2021,4,13073
KAZ,2021,5,14312
KAZ,2021,6,12770
KAZ,2021,7,17979
KAZ,2021,8,24955
KAZ,2021,9,17828
KAZ,2021,10,16317
KAZ,2021,11,13171
KAZ,2021,12,14114
KEN,2020,1,20056
KEN,2020,2,21717
KEN,2020,3,22868
KEN,2020,4,20570
KEN,2020,5,22100
KEN,2020,6,22317
KEN,2020,7,24207
KEN,2020,8,24097
KEN,2020,9,23054
KEN,2020,10,25064
KEN,2020,11,27112
KEN,2020,12,30591
KEN,2021,1,26229
KEN,2021,2,25661
KEN,2021,3,32874
KEN,2021,4,30524
KEN,2021,5,28821
KEN,2021,6,30782
KEN,2021,7,32971
KEN,2021,8,35600
KEN,2021,9,28808
KEN,2021,10,24786
KEN,2021,11,18420
KEN,2021,12,8440
KGZ,2020,1,3082
KGZ,2020,2,2900
KGZ,2020,3,2390
KGZ,2020,4,1263
KGZ,2020,5,2919
KGZ,2020,6,3559
KGZ,2020,7,4045
KGZ,2020,8,4572
KGZ,2020,9,3411
KGZ,2020,10,3423
KGZ,2020,11,4154
KGZ,2020,12,4259
KGZ,2021,1,2988
KGZ,2021,2,2621
KGZ,2021,3,3137
KGZ,2021,4,3024
KGZ,2021,5,2868
KGZ,2021,6,3375
KGZ,2021,7,3835
KGZ,2021,8,3810
KGZ,2021,9,3307
KGZ,2021,10,3257
KGZ,2021,11,3381
KGZ,2021,12,3590
KNA,2020,1,39.5964845265426
KNA,2020,2,42.3272765628559
KNA,2020,3,46.4234646173258
KNA,2020,4,36.8656924902293
KNA,2020,5,47.7888606354824
KNA,2020,6,50.5196526717957
KNA,2020,7,51.8850486899523
KNA,2020,8,38.2310885083859
KNA,2020,9,39.5964845265426
KNA,2020,10,46.4234646173258
KNA,2020,11,34.134900453916
KNA,2020,12,43.6926725810125
KOR,2020,1,28519.8637037298
KOR,2020,2,25594.6869586063
KOR,2020,3,25964.009347363
KOR,2020,4,24796.2334680399
KOR,2020,5,24463.3413265625
KOR,2020,6,23663.4535742922
KOR,2020,7,24083.1185488561
KOR,2020,8,25371.2289851372
KOR,2020,9,24536.0583949507
KOR,2020,10,26539.7219953123
KOR,2020,11,25698.2406536286
KOR,2020,12,26996.2474956667
KOR,2021,1,27292.422537524
KOR,2021,2,23897.2382320294
KOR,2021,3,26595.371349424
KOR,2021,4,25159.5319576402
KOR,2021,5,25671.8502382767
KOR,2021,6,24447.1341693083
KOR,2021,7,25792.6150737459
KOR,2021,8,25962.144807148
KOR,2021,9,25711.2924351342
KOR,2021,10,27852.5017329007
KOR,2021,11,28374.1427146126
KOR,2021,12,31525.9328089538
KWT,2020,1,675.606447788119
KWT,2020,2,684.62957229948
KWT,2020,3,717.338398653162
KWT,2020,4,791.779175871886
KWT,2020,5,1519.26858960033
KWT,2020,6,1392.94484644128
KWT,2020,7,1180.90142042431
KWT,2020,8,1022.9967414755
KWT,2020,9,990.287915121818
KWT,2020,10,1021.86885091158
KWT,2020,11,1018.48517921982
KWT,2020,12,904.568232263893
LBN,2020,1,4213.38277477133
LBN,2020,2,3767.63447114313
LBN,2020,3,3368.88683898593
LBN,2020,4,2783.65267163734
LBN,2020,5,3309.75696197403
LBN,2020,6,2768.49116471121
LBN,2020,7,2938.30004228386
LBN,2020,8,3243.04633149906
LBN,2020,9,3362.82223621548
LBN,2020,10,4192.15666507475
LBN,2020,11,4331.64252879514
LBN,2020,12,4766.77777757505
LBN,2021,1,6640.74003364464
LBN,2021,2,6367.83290897431
LBN,2021,3,6934.87326801154
LBN,2021,4,5433.88408232474
LBN,2021,5,3767.63447114313
LBN,2021,6,3085.36665946731
LBN,2021,7,3330.98307167061
LBN,2021,8,3992.02477364985
LBN,2021,9,3822.2158960772
LBN,2021,10,3596.30944287787
LBN,2021,11,4123.92988390717
LBN,2021,12,4925.97360029941
LKA,2020,1,13254
LKA,2020,2,11686
LKA,2020,3,9005
LKA,2020,4,7158
LKA,2020,5,12254
LKA,2020,6,12900
LKA,2020,7,11782
LKA,2020,8,11472
LKA,2020,9,11440
LKA,2020,10,10251
LKA,2020,11,9797
LKA,2020,12,11432
LKA,2021,1,12442
LKA,2021,2,11965
LKA,2021,3,12851
LKA,2021,4,11870
LKA,2021,5,9255
LKA,2021,6,12128
LTU,2020,1,3864.09765332006
LTU,2020,2,3541.03427013039
LTU,2020,3,3875.9691642163
LTU,2020,4,3728.60414229098
LTU,2020,5,3584.08828298076
LTU,2020,6,3674.47005260413
LTU,2020,7,3587.0957324078
LTU,2020,8,3602.76612679084
LTU,2020,9,3478.98583984605
LTU,2020,10,4030.77366630327
LTU,2020,11,4864.94516527905
LTU,2020,12,6466.33284177582
LTU,2021,1,5667.14272824096
LTU,2021,2,4062.58931550519
LTU,2021,3,4156.76996861536
LTU,2021,4,4046.91892112216
LTU,2021,5,4164.209448777
LTU,2021,6,3918.23174300692
LTU,2021,7,3725.97261515938
LTU,2021,8,3722.98781544237
LTU,2021,9,4223.33450484631
LTU,2021,10,5092.38250666188
LTU,2021,11,4692.73353402652
LTU,2021,12,4759.81298029826
LUX,2020,1,365.034276966461
LUX,2020,2,325.6783039379
LUX,2020,3,421.017385886934
LUX,2020,4,394.627528003441
LUX,2020,5,342.610524892048
LUX,2020,6,304.93251970579
LUX,2020,7,335.288483398362
LUX,2020,8,364.424106841987
LUX,2020,9,344.746120327706
LUX,2020,10,389.288539414295
LUX,2020,11,521.542913893995
LUX,2020,12,495.915768666095
LUX,2021,1,372.813946053502
LUX,2021,2,393.407187754493
LUX,2021,3,441.458085056806
LUX,2021,4,340.780014518627
LUX,2021,5,355.27155497488
LUX,2021,6,315.915581946319
LUX,2021,7,333.428571428571
LUX,2021,8,323.714285714286
LUX,2021,9,344.857142857143
LUX,2021,10,393.857142857143
LUX,2021,11,422.571428571429
LUX,2021,12,436.857142857143
LVA,2020,1,2702.76377747461
LVA,2020,2,2398.19665209178
LVA,2020,3,2563.87624102602
LVA,2020,4,2515.83531932761
LVA,2020,5,2484.73190207416
LVA,2020,6,2426.22052308251
LVA,2020,7,2381.41312495996
LVA,2020,8,2409.89892789011
LVA,2020,9,2325.8273149179
LVA,2020,10,2621.00182419944
LVA,2020,11,2736.79276367764
LVA,2020,12,3524.07876574154
LVA,2021,1,3830.64759619514
LVA,2021,2,2990.39339841248
LVA,2021,3,2875.83427743937
LVA,2021,4,2727.40014757635
LVA,2021,5,2872.60075386351
LVA,2021,6,2822.09619515493
LVA,2021,7,2723.55071474795
LVA,2021,8,2496.12622324622
LVA,2021,9,2745.41549321325
LVA,2021,10,3860.5191949435
LVA,2021,11,3782.29871987046
LVA,2021,12,3223.97698243966
MCO,2020,1,45.7185122807666
MCO,2020,2,34.9944168075004
MCO,2020,3,66.0378510722184
MCO,2020,4,49.6694948235489
MCO,2020,5,34.9944168075004
MCO,2020,6,40.6386775829036
MCO,2020,7,30.7612212259479
MCO,2020,8,44.0252340481456
MCO,2020,9,50.2339209010892
MCO,2020,10,55.031542560182
MCO,2020,11,35.5588428850407
MCO,2020,12,52.4916252112505
MCO,2021,1,79.5840769331863
MCO,2021,2,60.111377258045
MCO,2021,3,62.3690815682063
MCO,2021,4,27.6568777994761
MCO,2021,5,58.7003120641942
MCO,2021,6,28.2213038770164
MCO,2021,7,41.7675297379843
MCO,2021,8,42.6141688542948
MCO,2021,9,30.7612212259479
MCO,2021,10,54.1849034438715
MCO,2021,11,38.9453993502827
MCO,2021,12,67.1667032272991
MDA,2020,1,3879
MDA,2020,2,3461
MDA,2020,3,3020
MDA,2020,4,2539
MDA,2020,5,4324
MDA,2020,6,3725
MDA,2020,7,3746
MDA,2020,8,3020
MDA,2020,9,3867
MDA,2020,10,4273
MDA,2020,11,4171
MDA,2020,12,5137
MDA,2021,1,4607
MDA,2021,2,4121
MDA,2021,3,5479
MDA,2021,4,4848
MDA,2021,5,3770
MDA,2021,6,3373
MDA,2021,7,3291
MDA,2021,8,2789
MDA,2021,9,3991
MDA,2021,10,5316
MDA,2021,11,5404
MDA,2021,12,5416
MDV,2020,1,120
MDV,2020,2,102
MDV,2020,3,114
MDV,2020,4,99
MDV,2020,5,118
MDV,2020,6,97
MDV,2020,7,112
MDV,2020,8,132
MDV,2020,9,121
MDV,2020,10,115
MDV,2020,11,122
MDV,2020,12,106
MDV,2021,1,87
MDV,2021,2,103
MDV,2021,3,103
MDV,2021,4,129
MDV,2021,5,203
MDV,2021,6,185
MEX,2020,1,71414.8571428571
MEX,2020,2,61353.1428571429
MEX,2020,3,60727.1428571429
MEX,2020,4,67474.7142857143
MEX,2020,5,98443
MEX,2020,6,106774.857142857
MEX,2020,7,115173
MEX,2020,8,98710.8571428572
MEX,2020,9,82504.8571428571
MEX,2020,10,85804.5714285714
MEX,2020,11,94959.7142857143
MEX,2020,12,122016.428571429
MEX,2021,1,175863.285714286
MEX,2021,2,107143.428571429
MEX,2021,3,84148
MEX,2021,4,71783.1428571429
MEX,2021,5,65865.1428571429
MEX,2021,6,62434.7142857143
MEX,2021,7,79297.1428571429
MEX,2021,8,116565.714285714
MEX,2021,9,100736.571428571
MEX,2021,10,78430
MEX,2021,11,67866.8571428571
MEX,2021,12,68664
MKD,2020,1,2175.7952570971
MKD,2020,2,2027.38983088022
MKD,2020,3,2053.14614452116
MKD,2020,4,2150.03894345615
MKD,2020,5,2032.29579538325
MKD,2020,6,2375.71331059587
MKD,2020,7,2334.01261232006
MKD,2020,8,2264.10261815177
MKD,2020,9,2164.75683696527
MKD,2020,10,2835.64748275563
MKD,2020,11,4718.31136079625
MKD,2020,12,4031.47633037101
MKD,2021,1,2635.72942925686
MKD,2021,2,2616.10557124471
MKD,2021,3,3241.61604538198
MKD,2021,4,3867.12651951925
MKD,2021,5,3008.5827314877
MKD,2021,6,2318.06822768518
MKD,2021,7,2313.16226318215
MKD,2021,8,2703.18644117362
MKD,2021,9,3825.42582124344
MKD,2021,10,2714.22486130546
MKD,2021,11,2947.25817519974
MKD,2021,12,3152.08219320155
MLT,2020,1,420.245779709167
MLT,2020,2,324.105341684473
MLT,2020,3,388.248118587452
MLT,2020,4,332.067893300016
MLT,2020,5,300.807505476035
MLT,2020,6,258.340563526477
MLT,2020,7,291.370407265023
MLT,2020,8,314.225879494819
MLT,2020,9,315.552971430743
MLT,2020,10,335.459350469598
MLT,2020,11,403.878312499442
MLT,2020,12,479.964916825733
MLT,2021,1,438.972521471646
MLT,2021,2,411.693409455437
MLT,2021,3,435.72851896161
MLT,2021,4,292.107680562758
MLT,2021,5,332.952621257298
MLT,2021,6,280.163853139445
MLT,2021,7,316.290244728478
MLT,2021,8,352.564090977059
MLT,2021,9,303.904053326524
MLT,2021,10,307.737874474748
MLT,2021,11,328.381526811339
MLT,2021,12,409.481589562231
MNE,2020,1,625.320509409029
MNE,2020,2,620.421612317373
MNE,2020,3,642.229605822161
MNE,2020,4,535.87613025171
MNE,2020,5,537.614448574555
MNE,2020,6,543.145461419973
MNE,2020,7,726.142972134063
MNE,2020,8,644.758068837209
MNE,2020,9,663.563512511628
MNE,2020,10,806.263643923393
MNE,2020,11,834.866881781122
MNE,2020,12,931.106505291381
MNE,2021,1,930.948476352941
MNE,2021,2,930.790447414501
MNE,2021,3,1042.51690689193
MNE,2021,4,920.676595354309
MNE,2021,5,723.140422303693
MNE,2021,6,589.605969321477
MNE,2021,7,648.392734421341
MNE,2021,8,811.95268570725
MNE,2021,9,861.099685562243
MNE,2021,10,859.045309362517
MNG,2020,1,1856.30309847602
MNG,2020,2,1763.89562358849
MNG,2020,3,1755.74202286312
MNG,2020,4,1780.20282503923
MNG,2020,5,1750.30628904621
MNG,2020,6,1774.76709122232
MNG,2020,7,1905.22470282825
MNG,2020,8,1808.74042757803
MNG,2020,9,1909.30150319093
MNG,2020,10,1939.19803918396
MNG,2020,11,1736.71695450392
MNG,2020,12,1656.53988070445
MNG,2021,1,1564.13240581691
MNG,2021,2,1681.00068288056
MNG,2021,3,1876.68710028945
MNG,2021,4,2016.65724607498
MNG,2021,5,1906.58363628248
MNG,2021,6,2330.57087400174
MNG,2021,7,2471.8999532415
MNG,2021,8,2280.29033619529
MNG,2021,9,2753.19917826678
MNG,2021,10,3128.26481163383
MNG,2021,11,2649.92023574542
MNG,2021,12,2422.97834888928
MUS,2020,1,983.38643102828
MUS,2020,2,861.100035459996
MUS,2020,3,946.700512357795
MUS,2020,4,866.195301942008
MUS,2020,5,910.01459368731
MUS,2020,6,927.33849972615
MUS,2020,7,1025.16761618078
MUS,2020,8,1021.09140299517
MUS,2020,9,923.262286540541
MUS,2020,10,949.757672247002
MUS,2020,11,916.128913465724
MUS,2020,12,940.586192579381
MUS,2021,1,973.195898064256
MUS,2021,2,869.252461831215
MUS,2021,3,970.138738175049
MUS,2021,4,880.462048091641
MUS,2021,5,904.919327205298
MUS,2021,6,970.138738175049
MUS,2021,7,1031.28193595919
MUS,2021,8,1200.44478316198
MUS,2021,9,1225.92111557204
MUS,2021,10,1243.24502161088
MUS,2021,11,1794.55285496456
MUS,2021,12,1463.36053363379
MYS,2020,1,17039.4406273595
MYS,2020,2,14699.5473892251
MYS,2020,3,15602.1231998458
MYS,2020,4,13860.7578549734
MYS,2020,5,14762.2705609879
MYS,2020,6,14157.364040089
MYS,2020,7,14520.945815392
MYS,2020,8,14830.3092557814
MYS,2020,9,14085.0729268708
MYS,2020,10,14755.891933351
MYS,2020,11,13656.6417705927
MYS,2020,12,15043.9932816174
MYS,2021,1,16364.3692024547
MYS,2021,2,14356.1646014389
MYS,2021,3,15572.3562708736
MYS,2021,4,15245.9831567858
MYS,2021,5,16120.9182476466
MYS,2021,6,15736.0743802206
MYS,2021,7,23908.1594876895
MYS,2021,8,25469.8601541227
MYS,2021,9,20344.6328478774
NIC,2020,1,2676.90167141369
NIC,2020,2,2283.23966091167
NIC,2020,3,3503.59189346791
NIC,2020,4,4114.40294847265
NIC,2020,5,4251.54971342174
NIC,2020,6,4114.40294847265
NIC,2020,7,4500.44569425527
NIC,2020,8,4500.44569425527
NLD,2020,1,14193.1957362494
NLD,2020,2,13032.5179900756
NLD,2020,3,16742.6754847757
NLD,2020,4,18708.0647911698
NLD,2020,5,12744.3686291719
NLD,2020,6,11588.5967809804
NLD,2020,7,11729.1363290626
NLD,2020,8,12718.3962280889
NLD,2020,9,12112.6621183876
NLD,2020,10,14812.781793195
NLD,2020,11,15067.311323808
NLD,2020,12,16993.4534463434
NLD,2021,1,17434.1185180508
NLD,2021,2,13999.7013481814
NLD,2021,3,13949.0551660696
NLD,2021,4,13625.9873548211
NLD,2021,5,13253.8605637492
NLD,2021,6,12297.4990394279
NLD,2021,7,12722.4363793685
NLD,2021,8,12981.7275168467
NLD,2021,9,12853.3084226032
NLD,2021,10,14312.0916167625
NLD,2021,11,17030.2476812109
NLD,2021,12,17948.6606417276
NOR,2020,1,3886
NOR,2020,2,3454
NOR,2020,3,3647
NOR,2020,4,3483
NOR,2020,5,3185
NOR,2020,6,3030
NOR,2020,7,3215
NOR,2020,8,3265
NOR,2020,9,3245
NOR,2020,10,3403
NOR,2020,11,3391
NOR,2020,12,3663
NOR,2021,1,3798
NOR,2021,2,3152
NOR,2021,3,3380
NOR,2021,4,3265
NOR,2021,5,3195
NOR,2021,6,3062
NOR,2021,7,3013
NOR,2021,8,3944
NOR,2021,9,3255
NOR,2021,10,3369
NOR,2021,11,4718
NOR,2021,12,3895
NZL,2020,1,2695.85714285714
NZL,2020,2,2510.85714285714
NZL,2020,3,2713.14285714286
NZL,2020,4,2706.57142857143
NZL,2020,5,2706.28571428571
NZL,2020,6,2704.85714285714
NZL,2020,7,2923.71428571429
NZL,2020,8,2809.42857142857
NZL,2020,9,2662
NZL,2020,10,2776
NZL,2020,11,2661.71428571429
NZL,2020,12,2874.71428571429
NZL,2021,1,2845.28571428571
NZL,2021,2,2481.85714285714
NZL,2021,3,2823.42857142857
NZL,2021,4,2778.85714285714
NZL,2021,5,2925.28571428571
NZL,2021,6,2949
NZL,2021,7,3297.85714285714
NZL,2021,8,3353.57142857143
NZL,2021,9,2890.85714285714
NZL,2021,10,2884
NZL,2021,11,2788
NZL,2021,12,2860.14285714286
OMN,2020,1,1617.67543333431
OMN,2020,2,1368.95396238982
OMN,2020,3,1391.20650622291
OMN,2020,4,1379.93939542135
OMN,2020,5,1522.75002483115
OMN,2020,6,1725.27634148923
OMN,2020,7,2060.47288783571
OMN,2020,8,1989.20841201583
OMN,2020,9,2088.64066483962
OMN,2020,10,2123.8503860945
OMN,2020,11,1775.13330678615
OMN,2020,12,1421.06434984705
OMN,2021,1,1543.03082427396
OMN,2021,2,1461.34427096264
OMN,2021,3,1694.29178678494
OMN,2021,4,2082.16207612872
OMN,2021,5,2335.10871362379
OMN,2021,6,3418.44141719401
OMN,2021,7,3470.2701268812
OMN,2021,8,1971.74439027341
OMN,2021,9,1423.5994497774
OMN,2021,10,1433.17649395873
OMN,2021,11,1424.44448308752
OMN,2021,12,1557.67806831599
PAN,2020,1,2032
PAN,2020,2,1531
PAN,2020,3,1287
PAN,2020,4,69
PAN,2020,5,2483
PAN,2020,6,2284
PAN,2020,7,2742
PAN,2020,8,2668
PAN,2020,9,2401
PAN,2020,10,2131
PAN,2020,11,2108
PAN,2020,12,2140
PAN,2021,1,3147
PAN,2021,2,3028
PAN,2021,3,2437
PAN,2021,4,1872
PAN,2021,5,1795
PAN,2021,6,1953
PAN,2021,7,2068
PAN,2021,8,2142
PAN,2021,9,1998
PAN,2021,10,1821
PER,2020,1,13917.9631413683
PER,2020,2,13317.2322824274
PER,2020,3,13795.9424487957
PER,2020,4,18964.8450911226
PER,2020,5,35350.8093709601
PER,2020,6,36448.8187625304
PER,2020,7,38492.9306254972
PER,2020,8,36104.6850411588
PER,2020,9,22231.4628204005
PER,2020,10,17879.3914519765
PER,2020,11,16201.6953498944
PER,2020,12,17999.9974118816
PER,2021,1,28566.2820223381
PER,2021,2,37023.5539087058
PER,2021,3,41291.2718418296
PER,2021,4,43512.5789714019
PER,2021,5,34677.7503043927
PER,2021,6,23573.513597116
PER,2021,7,18562.5304887998
PER,2021,8,16725.676961623
PER,2021,9,15463.5585806217
PER,2021,10,15817.9491138327
PER,2021,11,15264.6117992533
PER,2021,12,16956.278386427
PHL,2020,1,63268.7842674408
PHL,2020,2,54702.0726182194
PHL,2020,3,54394.5981526207
PHL,2020,4,52942.3725997157
PHL,2020,5,59426.5360415545
PHL,2020,6,57336.8922695813
PHL,2020,7,64347.3100852334
PHL,2020,8,67203.2748330067
PHL,2020,9,63804.4993940417
PHL,2020,10,64096.6001363606
PHL,2020,11,60972.1865282376
PHL,2020,12,63541.9635041843
PHL,2021,1,68045.2818311079
PHL,2021,2,62773.2773401874
PHL,2021,3,72806.4056714952
PHL,2021,4,80262.6614622655
PHL,2021,5,84318.9592199725
PHL,2021,6,79075.3369874149
PHL,2021,7,88731.2178013149
PHL,2021,8,112988.587948862
PHL,2021,9,135539.474812335
PHL,2021,10,96679.4327370433
PHL,2021,11,63715.8048366575
POL,2020,1,36491.7142857143
POL,2020,2,35134.8571428572
POL,2020,3,36666.7142857143
POL,2020,4,34028
POL,2020,5,33648.7142857143
POL,2020,6,32484.1428571429
POL,2020,7,33433
POL,2020,8,34684.2857142857
POL,2020,9,34356.5714285714
POL,2020,10,50128.5714285714
POL,2020,11,64036
POL,2020,12,53485
POL,2021,1,48622.5714285714
POL,2021,2,39854.1428571429
POL,2021,3,51595.5714285714
POL,2021,4,53989.7142857143
POL,2021,5,40577
POL,2021,6,34958.5714285714
POL,2021,7,33945.2857142857
POL,2021,8,32953.7142857143
POL,2021,9,34036
POL,2021,10,39094.8571428571
POL,2021,11,49759
POL,2021,12,60509.2857142857
PRT,2020,1,11867.8180690264
PRT,2020,2,9836.31624962685
PRT,2020,3,10670.2153266241
PRT,2020,4,10387.9549456013
PRT,2020,5,9552.62452792954
PRT,2020,6,8563.56812181029
PRT,2020,7,10414.2916140132
PRT,2020,8,9041.92217524741
PRT,2020,9,8976.08050421777
PRT,2020,10,10000.4910249986
PRT,2020,11,11548.1996963977
PRT,2020,12,13062.9875322819
PRT,2021,1,19792.8651159165
PRT,2021,2,12562.8771005915
PRT,2021,3,9577.52985566684
PRT,2021,4,8428.16329399714
PRT,2021,5,8616.09832456655
PRT,2021,6,8254.11226797094
PRT,2021,7,8786.42857142857
PRT,2021,8,9271.71428571429
PRT,2021,9,8581.57142857143
PRT,2021,10,9385.57142857143
PRT,2021,11,10459.1428571429
PRT,2021,12,11446
PRY,2020,1,2911.10668659473
PRY,2020,2,2916.19247745181
PRY,2020,3,3060.62893779299
PRY,2020,4,2614.09650054104
PRY,2020,5,2721.91526671121
PRY,2020,6,2872.45467608089
PRY,2020,7,3041.30293253607
PRY,2020,8,3511.23000773061
PRY,2020,9,3470.54368087394
PRY,2020,10,3481.73242075952
PRY,2020,11,3157.25896407758
PRY,2020,12,3615.99729938653
PRY,2021,1,3317.96995516142
PRY,2021,2,3332.21016956126
PRY,2021,3,4770.47182394454
PRY,2021,4,6390.80479101141
PRY,2021,5,7564.60532082634
PRY,2021,6,7178.08521568797
PRY,2021,7,5121.39139308331
PRY,2021,8,3683.12973870004
PRY,2021,9,2882.62625779506
PRY,2021,10,2840.92277276697
PRY,2021,11,2731.06969025396
PRY,2021,12,3104.36673916391
QAT,2020,1,395.893930734545
QAT,2020,2,408.26561607
QAT,2020,3,455.690409855909
QAT,2020,4,342.283294280909
QAT,2020,5,490.743518306364
QAT,2020,6,624.770109440455
QAT,2020,7,554.663892539545
QAT,2020,8,430.947039185
QAT,2020,9,445.380672076364
QAT,2020,10,466.000147635455
QAT,2020,11,346.407189392727
QAT,2020,12,455.690409855909
QAT,2021,1,437.132881852727
QAT,2021,2,367.026664951818
QAT,2021,3,515.486888977273
QAT,2021,4,814.469284584091
QAT,2021,5,562.911682763182
QAT,2021,6,472.185990303182
QAT,2021,7,430.947039185
QAT,2021,8,455.690409855909
QAT,2021,9,346.407189392727
QAT,2021,10,443.318724520455
QAT,2021,11,418.575353849545
QAT,2021,12,455.690409855909
ROU,2020,1,23855.8571428571
ROU,2020,2,22146
ROU,2020,3,22715.2857142857
ROU,2020,4,21892.8571428571
ROU,2020,5,20896.2857142857
ROU,2020,6,21057.8571428571
ROU,2020,7,22365.4285714286
ROU,2020,8,23222
ROU,2020,9,21840.7142857143
ROU,2020,10,27839.5714285714
ROU,2020,11,35090.7142857143
ROU,2020,12,34199.8571428571
ROU,2021,1,29526.7142857143
ROU,2021,2,24130
ROU,2021,3,29855
ROU,2021,4,29740.2857142857
ROU,2021,5,24043
ROU,2021,6,21235
ROU,2021,7,21292.4285714286
ROU,2021,8,20590.7142857143
ROU,2021,9,25617.5714285714
ROU,2021,10,46815
ROU,2021,11,35616
ROU,2021,12,25777.2857142857
RUS,2020,1,161007.1
RUS,2020,2,147290.4
RUS,2020,3,154923
RUS,2020,4,152500.1
RUS,2020,5,173281.8
RUS,2020,6,168436.1
RUS,2020,7,176449.7
RUS,2020,8,161629.9
RUS,2020,9,165758.5
RUS,2020,10,215817.7
RUS,2020,11,228543.6
RUS,2020,12,232948
RUS,2021,1,219769
RUS,2021,2,172672
RUS,2021,3,191320
RUS,2021,4,168345
RUS,2021,5,162283
RUS,2021,6,185655
RUS,2021,7,215265
RUS,2021,8,208237
RUS,2021,9,201945
RUS,2021,10,247197
RUS,2021,11,257292
RUS,2021,12,215529
SGP,2020,1,2602.02945819021
SGP,2020,2,2225.67089006676
SGP,2020,3,2382.78595714087
SGP,2020,4,2406.95750592151
SGP,2020,5,2382.03059624148
SGP,2020,6,2233.41333928555
SGP,2020,7,2194.13457251702
SGP,2020,8,2333.12097800567
SGP,2020,9,2201.68818151097
SGP,2020,10,2200.36629993703
SGP,2020,11,2245.68795390072
SGP,2020,12,2313.67043484625
SGP,2021,1,2355.40412453781
SGP,2021,2,2224.72668894251
SGP,2021,3,2404.31374277362
SGP,2021,4,2422.63124458395
SGP,2021,5,2522.52772352891
SGP,2021,6,2481.17171428704
SGP,2021,7,2497.48461802649
SGP,2021,8,2452.43980527651
SGP,2021,9,2436.17362289457
SGP,2021,10,3106.84083494978
SGP,2021,11,2932.91780794293
SGP,2021,12,2626.36283228336
SLV,2020,1,4545
SLV,2020,2,3102
SLV,2020,3,2610
SLV,2020,4,1906
SLV,2020,5,2082
SLV,2020,6,5930
SLV,2020,7,8467
SLV,2020,8,5210
SMR,2020,1,27.6206170021641
SMR,2020,2,33.6250989591564
SMR,2020,3,61.2457159613205
SMR,2020,4,32.9388724497858
SMR,2020,5,31.2233061763595
SMR,2020,6,32.0810893130727
SMR,2020,7,30.1939664123037
SMR,2020,8,25.0472675920246
SMR,2020,9,20.4152386537735
SMR,2020,10,29.8508531576184
SMR,2020,11,33.2819857044711
SMR,2020,12,54.7265641223004
SMR,2021,1,27.9637302568494
SMR,2021,2,38.2571278974075
SMR,2021,3,40.6589206802044
SMR,2021,4,34.8259953505548
SMR,2021,5,23.1601446912557
SMR,2021,6,22.4739181818851
SMR,2021,7,28.4784001388773
SMR,2021,8,26.5912772381083
SMR,2021,9,27.1059471201362
SMR,2021,10,35.1691086052401
SMR,2021,11,26.4197206107657
SMR,2021,12,36.3700049966385
SRB,2020,1,11253.4872942751
SRB,2020,2,10478.2875322478
SRB,2020,3,10301.8470577776
SRB,2020,4,9818.05866003667
SRB,2020,5,9791.87717027657
SRB,2020,6,9476.56096751365
SRB,2020,7,11409.4379071939
SRB,2020,8,9937.58285241972
SRB,2020,9,9246.61918788149
SRB,2020,10,9508.43408548247
SRB,2020,11,12333.7583282895
SRB,2020,12,19716.9384406371
SRB,2021,1,11857.9382100408
SRB,2021,2,11572.2184739632
SRB,2021,3,14743.5937118603
SRB,2021,4,14410.0642988295
SRB,2021,5,11980.8773793491
SRB,2021,6,10356.4866885813
SRB,2021,7,9581.28692655404
SRB,2021,8,9615.43669580634
SRB,2021,9,12558.008479713
SRB,2021,10,16694.6838618084
SRB,2021,11,17203.5154236677
SRB,2021,12,14125.4828883936
SUR,2020,1,372
SUR,2020,2,388
SUR,2020,3,338
SUR,2020,4,321
SUR,2020,5,317
SUR,2020,6,367
SUR,2020,7,379
SUR,2020,8,450
SUR,2020,9,408
SUR,2020,10,402
SUR,2020,11,343
SUR,2020,12,400
SUR,2021,1,427
SUR,2021,2,333
SUR,2021,3,338
SUR,2021,4,360
SUR,2021,5,547
SUR,2021,6,704
SUR,2021,7,595
SUR,2021,8,497
SUR,2021,9,666
SUR,2021,10,701
SUR,2021,11,441
SUR,2021,12,164
SVK,2020,1,4950.85714285714
SVK,2020,2,4687.57142857143
SVK,2020,3,4957.28571428572
SVK,2020,4,4247.57142857143
SVK,2020,5,4264.71428571429
SVK,2020,6,4063.28571428571
SVK,2020,7,4283.42857142857
SVK,2020,8,4428.57142857143
SVK,2020,9,4379.71428571429
SVK,2020,10,5399.42857142857
SVK,2020,11,6060.57142857143
SVK,2020,12,7487
SVK,2021,1,9057.14285714286
SVK,2021,2,8021.85714285714
SVK,2021,3,7480.14285714286
SVK,2021,4,5525.42857142857
SVK,2021,5,4667.57142857143
SVK,2021,6,4400.85714285714
SVK,2021,7,4324.42857142857
SVK,2021,8,4254
SVK,2021,9,4687
SVK,2021,10,5694.42857142857
SVK,2021,11,7512.85714285714
SVK,2021,12,7058.85714285714
SVN,2020,1,1976.89745146953
SVN,2020,2,1906.00754720428
SVN,2020,3,1878.08122128161
SVN,2020,4,1734.29644576181
SVN,2020,5,1630.03816231717
SVN,2020,6,1625.5985925551
SVN,2020,7,1604.54643916724
SVN,2020,8,1635.48021557389
SVN,2020,9,1695.48601332568
SVN,2020,10,2163.07295762067
SVN,2020,11,3135.33873551307
SVN,2020,12,3261.50844391242
SVN,2021,1,2629.22778263757
SVN,2021,2,1864.61930006761
SVN,2021,3,1955.12923844262
SVN,2021,4,1812.6333702731
SVN,2021,5,1775.39826904287
SVN,2021,6,1686.75008572936
SVN,2021,7,1532.42857142857
SVN,2021,8,1501.85714285714
SVN,2021,9,1769.57142857143
SVN,2021,10,1992.42857142857
SVN,2021,11,2418.14285714286
SVN,2021,12,2254
SWE,2020,1,8688
SWE,2020,2,7855
SWE,2020,3,8911
SWE,2020,4,10994
SWE,2020,5,9291
SWE,2020,6,7749
SWE,2020,7,7375
SWE,2020,8,7259
SWE,2020,9,7057
SWE,2020,10,7589
SWE,2020,11,8580
SWE,2020,12,10674
SWE,2021,1,10593
SWE,2021,2,7863
SWE,2021,3,8125
SWE,2021,4,7613
SWE,2021,5,7558
SWE,2021,6,6875
SWE,2021,7,6447
SWE,2021,8,8044
SWE,2021,9,6807
SWE,2021,10,6858
SWE,2021,11,9013
SWE,2021,12,10959
SYC,2020,1,65
SYC,2020,2,61
SYC,2020,3,57
SYC,2020,4,59
SYC,2020,5,41
SYC,2020,6,52
SYC,2020,7,56
SYC,2020,8,50
SYC,2020,9,54
SYC,2020,10,43
SYC,2020,11,66
SYC,2020,12,64
SYC,2021,1,69
SYC,2021,2,74
SYC,2021,3,70
SYC,2021,4,71
SYC,2021,5,91
SYC,2021,6,109
TGO,2020,1,5054.03903825146
TGO,2020,2,4633.27683371165
TGO,2020,3,4643.06200125909
TGO,2020,4,4427.78831521546
TGO,2020,5,4251.65529936159
TGO,2020,6,3972.77802425962
TGO,2020,7,3977.67060803334
TGO,2020,8,4085.30745105515
TGO,2020,9,3806.43017595318
TGO,2020,10,3703.68591670509
TGO,2020,11,3596.04907368328
TGO,2020,12,3326.95696612875
TGO,2021,1,4398.43281257315
TGO,2021,2,4373.96989370456
TGO,2021,3,5259.52755674765
TGO,2021,4,4740.91367673346
TGO,2021,5,4114.66295369746
TGO,2021,6,3845.57084614293
TGO,2021,7,4814.30243333924
TGO,2021,8,4677.31008767512
TGO,2021,9,4501.17707182125
TGO,2021,10,3767.28950576343
TGO,2021,11,4339.72180728853
TGO,2021,12,3669.43783028906
THA,2020,1,47125
THA,2020,2,39758
THA,2020,3,44304
THA,2020,4,40057
THA,2020,5,39674
THA,2020,6,39479
THA,2020,7,39817
THA,2020,8,40999
THA,2020,9,39361
THA,2020,10,41640
THA,2020,11,43545
THA,2020,12,45679
THA,2021,1,46685
THA,2021,2,38228
THA,2021,3,46748
THA,2021,4,42435
THA,2021,5,45387
THA,2021,6,43522
THA,2021,7,48944
THA,2021,8,57125
THA,2021,9,48129
THA,2021,10,46448
THA,2021,11,48892
THA,2021,12,51107
TJK,2020,1,5005.05401539613
TJK,2020,2,4328.37309729314
TJK,2020,3,4314.95871785938
TJK,2020,4,4277.6965527656
TJK,2020,5,7552.29562120673
TJK,2020,6,4820.233676531
TJK,2020,7,4662.24209653338
TJK,2020,8,5019.95888143364
TJK,2020,9,5306.13230935385
TJK,2020,10,7181.16445687271
TJK,2020,11,6142.2952940582
TJK,2020,12,4923.07725218982
TUN,2020,1,7465
TUN,2020,2,6950
TUN,2020,3,6297
TUN,2020,4,5038
TUN,2020,5,4759
TUN,2020,6,4717
TUN,2020,7,5218
TUN,2020,8,5855
TUN,2020,9,5394
TUN,2020,10,7635
TUN,2020,11,7537
TUN,2020,12,8193
TUN,2021,1,9510
TUN,2021,2,6424
TUN,2021,3,6236
TUN,2021,4,7321
UKR,2020,1,54828.8128432098
UKR,2020,2,48199.4458435887
UKR,2020,3,49424.6821387979
UKR,2020,4,47273.8708459557
UKR,2020,5,45695.7910433616
UKR,2020,6,48112.5133852475
UKR,2020,7,48372.2880254671
UKR,2020,8,45008.5132550639
UKR,2020,9,49471.7279397826
UKR,2020,10,60389.4219726358
UKR,2020,11,64880.2504970629
UKR,2020,12,69201.3050440236
UKR,2021,1,59033.2756225128
UKR,2021,2,52559.3643131019
UKR,2021,3,66414.3527030844
UKR,2021,4,70181.0849862693
UKR,2021,5,58595.5451263947
UKR,2021,6,50192.7559766127
UKR,2021,7,47916.1483028767
UKR,2021,8,44527.8278971772
UKR,2021,9,49525.9328843953
UKR,2021,10,75970.7867117946
UKR,2021,11,89859.5253503096
UKR,2021,12,65725.0294451788
URY,2020,1,2546
URY,2020,2,2427
URY,2020,3,2601
URY,2020,4,2511
URY,2020,5,2718
URY,2020,6,2707
URY,2020,7,3162
URY,2020,8,2952
URY,2020,9,2866
URY,2020,10,2721
URY,2020,11,2568
URY,2020,12,2859
URY,2021,1,3140
URY,2021,2,1877
URY,2021,3,3115
URY,2021,4,4467
URY,2021,5,4808
URY,2021,6,4437
URY,2021,7,3702
URY,2021,8,3372
URY,2021,9,3068
URY,2021,10,2766
URY,2021,11,2804
URY,2021,12,3043
USA,2020,1,273026.651957798
USA,2020,2,253250.449170093
USA,2020,3,280813.365649907
USA,2020,4,331501.294641164
USA,2020,5,290341.389505325
USA,2020,6,259175.48223383
USA,2020,7,288063.655379918
USA,2020,8,286833.661228939
USA,2020,9,265945.767041809
USA,2020,10,282952.119888658
USA,2020,11,313817.174844406
USA,2020,12,379203.002242095
USA,2021,1,385827.217859954
USA,2021,2,291985.664827472
USA,2021,3,280342.960826316
USA,2021,4,265522.771935132
USA,2021,5,267169.705746078
USA,2021,6,253426.500206112
USA,2021,7,266418.23957891
USA,2021,8,314366.005087566
USA,2021,9,322235.575013909
USA,2021,10,310349.02851236
USA,2021,11,297831.681696351
USA,2021,12,328480.955977918
UZB,2020,1,12267.8870165854
UZB,2020,2,15084.7860019849
UZB,2020,3,13917.0453197309
UZB,2020,4,12793.3703235997
UZB,2020,5,12990.5642689992
UZB,2020,6,15188.3403643734
UZB,2020,7,19107.9831449958
UZB,2020,8,22810.6024214634
UZB,2020,9,14498.7123765517
UZB,2020,10,17217.565210328
UZB,2020,11,15647.7251422035
UZB,2020,12,21964.5412479058
UZB,2021,1,13132.6761067452
UZB,2021,2,16196.3429344323
UZB,2021,3,14985.6382082086
UZB,2021,4,13695.6152469638
UZB,2021,5,13704.4283841884
UZB,2021,6,16115.9230572582
UZB,2021,7,19466.0168447435
UZB,2021,8,23363.6267823045
UZB,2021,9,14823.6968117073
UZB,2021,10,15093.5991392094
UZB,2021,11,14300.4167889992
UZB,2021,12,17402.6410920437
ZAF,2020,1,41601.7142857143
ZAF,2020,2,39049
ZAF,2020,3,41147.4285714286
ZAF,2020,4,36879.7142857143
ZAF,2020,5,41020
ZAF,2020,6,51381.1428571429
ZAF,2020,7,69887.2857142857
ZAF,2020,8,56352.7142857143
ZAF,2020,9,44555.7142857143
ZAF,2020,10,46097
ZAF,2020,11,46065.7142857143
ZAF,2020,12,67581
ZAF,2021,1,93840.1428571429
ZAF,2021,2,47759.2857142857
ZAF,2021,3,46722.7142857143
ZAF,2021,4,46200.8571428572
ZAF,2021,5,52682.8571428572
ZAF,2021,6,63590.7142857143
ZAF,2021,7,87123.7142857143
ZAF,2021,8,70034.1428571429
ZAF,2021,9,53993
ZAF,2021,10,47431
ZAF,2021,11,45899.7142857143
ZAF,2021,12,55310.7142857143
