state,year,time,deaths,completeness_deaths,deaths_scaled
Andhra Pradesh State,2018,1,33655,1,33655
Andhra Pradesh State,2018,2,28799,1,28799
Andhra Pradesh State,2018,3,27363,1,27363
Andhra Pradesh State,2018,4,26000,1,26000
Andhra Pradesh State,2018,5,24387,1,24387
Andhra Pradesh State,2018,6,27025,1,27025
Andhra Pradesh State,2018,7,26469,1,26469
Andhra Pradesh State,2018,8,27946,1,27946
Andhra Pradesh State,2018,9,26637,1,26637
Andhra Pradesh State,2018,10,28502,1,28502
Andhra Pradesh State,2018,11,26800,1,26800
Andhra Pradesh State,2018,12,29916,1,29916
Andhra Pradesh State,2019,1,32321,1,32321
Andhra Pradesh State,2019,2,31185,1,31185
Andhra Pradesh State,2019,3,27990,1,27990
Andhra Pradesh State,2019,4,26302,1,26302
Andhra Pradesh State,2019,5,29944,1,29944
Andhra Pradesh State,2019,6,30214,1,30214
Andhra Pradesh State,2019,7,28505,1,28505
Andhra Pradesh State,2019,8,28681,1,28681
Andhra Pradesh State,2019,9,30464,1,30464
Andhra Pradesh State,2019,10,33656,1,33656
Andhra Pradesh State,2019,11,33218,1,33218
Andhra Pradesh State,2019,12,31169,1,31169
Andhra Pradesh State,2020,1,32019,1,32019
Andhra Pradesh State,2020,2,26841,1,26841
Andhra Pradesh State,2020,3,25440,1,25440
Andhra Pradesh State,2020,4,22379,1,22379
Andhra Pradesh State,2020,5,28092,1,28092
Andhra Pradesh State,2020,6,28468,1,28468
Andhra Pradesh State,2020,7,34791,1,34791
Andhra Pradesh State,2020,8,55021,1,55021
Andhra Pradesh State,2020,9,55941,1,55941
Andhra Pradesh State,2020,10,42168,1,42168
Andhra Pradesh State,2020,11,38754,1,38754
Andhra Pradesh State,2020,12,39632,1,39632
Andhra Pradesh State,2021,1,38179,1,38179
Andhra Pradesh State,2021,2,32177,1,32177
Andhra Pradesh State,2021,3,33782,1,33782
Andhra Pradesh State,2021,4,39899,1,39899
Andhra Pradesh State,2021,5,137258,1,137258
Andhra Pradesh State,2021,6,67406,1,67406
Andhra Pradesh State,2021,7,39714,1,36907
Andhra Pradesh State,2021,8,35950,1,35950
Andhra Pradesh State,2021,9,38831,1,38831
Andhra Pradesh State,2021,10,35543,1,35543
Andhra Pradesh State,2021,11,35424,1,35424
Andhra Pradesh State,2021,12,37511,1,37511
Assam State,2018,1,12204,0.669,18242.15247
Assam State,2018,2,12193,0.669,18225.71001
Assam State,2018,3,12155,0.669,18168.90882
Assam State,2018,4,11826,0.669,17677.13004
Assam State,2018,5,11761,0.669,17579.9701
Assam State,2018,6,11656,0.669,17423.01943
Assam State,2018,7,11456,0.669,17124.06577
Assam State,2018,8,11378,0.669,17007.47384
Assam State,2018,9,11593,0.669,17328.84903
Assam State,2018,10,11755,0.669,17571.00149
Assam State,2018,11,11515,0.669,17212.2571
Assam State,2018,12,13113,0.669,19600.89686
Assam State,2019,1,15680,0.74,21189.18919
Assam State,2019,2,14806,0.74,20008.10811
Assam State,2019,3,14266,0.74,19278.37838
Assam State,2019,4,13147,0.74,17766.21622
Assam State,2019,5,12169,0.74,16444.59459
Assam State,2019,6,11303,0.74,15274.32432
Assam State,2019,7,11065,0.74,14952.7027
Assam State,2019,8,10925,0.74,14763.51351
Assam State,2019,9,13177,0.74,17806.75676
Assam State,2019,10,14117,0.74,19077.02703
Assam State,2019,11,15700,0.74,21216.21622
Assam State,2019,12,16702,0.74,22570.27027
Assam State,2020,1,18556,0.74,25075.67568
Assam State,2020,2,17971,0.74,24285.13514
Assam State,2020,3,16975,0.74,22939.18919
Assam State,2020,4,9003,0.74,12166.21622
Assam State,2020,5,8655,0.74,11695.94595
Assam State,2020,6,8305,0.74,11222.97297
Assam State,2020,7,9118,0.74,12321.62162
Assam State,2020,8,16887,0.74,22820.27027
Assam State,2020,9,18364,0.74,24816.21622
Assam State,2020,10,20814,0.74,28127.02703
Assam State,2020,11,21780,0.74,29432.43243
Assam State,2020,12,20657,0.74,27914.86486
Bihar State,2018,1,7289,0.346,21066.47399
Bihar State,2018,2,7872,0.346,22751.44509
Bihar State,2018,3,8196,0.346,23687.86127
Bihar State,2018,4,9635,0.346,27846.82081
Bihar State,2018,5,12495,0.346,36112.71676
Bihar State,2018,6,13898,0.346,40167.63006
Bihar State,2018,7,15926,0.346,46028.90173
Bihar State,2018,8,17933,0.346,51829.47977
Bihar State,2018,9,20480,0.346,59190.75145
Bihar State,2018,10,22413,0.346,64777.45665
Bihar State,2018,11,22317,0.346,64500
Bihar State,2018,12,24467,0.346,70713.87283
Bihar State,2019,1,28975,0.516,56153.10078
Bihar State,2019,2,27620,0.516,53527.13178
Bihar State,2019,3,28452,0.516,55139.53488
Bihar State,2019,4,23537,0.516,45614.34109
Bihar State,2019,5,24640,0.516,47751.93798
Bihar State,2019,6,30440,0.516,58992.24806
Bihar State,2019,7,31533,0.516,61110.46512
Bihar State,2019,8,34326,0.516,66523.25581
Bihar State,2019,9,27897,0.516,54063.95349
Bihar State,2019,10,29168,0.516,56527.13178
Bihar State,2019,11,32088,0.516,62186.04651
Bihar State,2019,12,32598,0.516,63174.4186
Bihar State,2020,1,38238,0.516,74104.65116
Bihar State,2020,2,34015,0.516,65920.54264
Bihar State,2020,3,26682,0.516,51709.30233
Bihar State,2020,4,16865,0.516,32684.10853
Bihar State,2020,5,22893,0.516,44366.27907
Bihar State,2020,6,32656,0.516,63286.82171
Bihar State,2020,7,30534,0.516,59174.4186
Bihar State,2020,8,36355,0.516,70455.42636
Bihar State,2020,9,39124,0.516,75821.70543
Bihar State,2020,10,31860,0.516,61744.18605
Bihar State,2020,11,30299,0.516,58718.99225
Bihar State,2020,12,47908,0.516,92844.96124
Bihar State,2021,1,45515,0.516,88207.36434
Bihar State,2021,2,38981,0.516,75544.57364
Bihar State,2021,3,29774,0.516,57701.55039
Bihar State,2021,4,33159,0.516,64261.62791
Bihar State,2021,5,68317,0.516,132397.2868
Chandigarh State,2018,1,2322,1,2322
Chandigarh State,2018,2,1940,1,1940
Chandigarh State,2018,3,1764,1,1764
Chandigarh State,2018,4,1564,1,1564
Chandigarh State,2018,5,1777,1,1777
Chandigarh State,2018,6,1602,1,1602
Chandigarh State,2018,7,1811,1,1811
Chandigarh State,2018,8,1957,1,1957
Chandigarh State,2018,9,2069,1,2069
Chandigarh State,2018,10,2228,1,2228
Chandigarh State,2018,11,2108,1,2108
Chandigarh State,2018,12,2086,1,2086
Chandigarh State,2019,1,2392,1,2392
Chandigarh State,2019,2,2058,1,2058
Chandigarh State,2019,3,2006,1,2006
Chandigarh State,2019,4,1535,1,1535
Chandigarh State,2019,5,1757,1,1757
Chandigarh State,2019,6,1660,1,1660
Chandigarh State,2019,7,1809,1,1809
Chandigarh State,2019,8,2034,1,2034
Chandigarh State,2019,9,1961,1,1961
Chandigarh State,2019,10,1994,1,1994
Chandigarh State,2019,11,2082,1,2082
Chandigarh State,2019,12,2064,1,2064
Chandigarh State,2020,1,1975,1,1975
Chandigarh State,2020,2,1802,1,1802
Chandigarh State,2020,3,1527,1,1527
Chandigarh State,2020,4,1070,1,1070
Chandigarh State,2020,5,1267,1,1267
Chandigarh State,2020,6,1242,1,1242
Chandigarh State,2020,7,1389,1,1389
Chandigarh State,2020,8,1465,1,1465
Chandigarh State,2020,9,1605,1,1605
Chandigarh State,2020,10,1601,1,1601
Chandigarh State,2020,11,1659,1,1659
Chandigarh State,2020,12,1613,1,1613
Chandigarh State,2021,1,1632,1,1632
Chandigarh State,2021,2,1431,1,1431
Chandigarh State,2021,3,1547,1,1547
Chandigarh State,2021,4,2002,1,2002
Chandigarh State,2021,5,2414,1,2414
Chhattisgarh State,2018,1,1547,0.835,1852.694611
Chhattisgarh State,2018,2,1364,0.835,1633.532934
Chhattisgarh State,2018,3,1334,0.835,1597.60479
Chhattisgarh State,2018,4,1249,0.835,1495.808383
Chhattisgarh State,2018,5,1308,0.835,1566.467066
Chhattisgarh State,2018,6,1231,0.835,1474.251497
Chhattisgarh State,2018,7,1199,0.835,1435.928144
Chhattisgarh State,2018,8,1261,0.835,1510.179641
Chhattisgarh State,2018,9,1518,0.835,1817.964072
Chhattisgarh State,2018,10,1218,0.835,1458.682635
Chhattisgarh State,2018,11,1218,0.835,1458.682635
Chhattisgarh State,2018,12,1243,0.835,1488.622754
Chhattisgarh State,2019,1,1148,0.815,1408.588957
Chhattisgarh State,2019,2,1191,0.815,1461.349693
Chhattisgarh State,2019,3,1101,0.815,1350.920245
Chhattisgarh State,2019,4,1053,0.815,1292.02454
Chhattisgarh State,2019,5,1130,0.815,1386.503067
Chhattisgarh State,2019,6,1203,0.815,1476.07362
Chhattisgarh State,2019,7,1326,0.815,1626.993865
Chhattisgarh State,2019,8,1471,0.815,1804.907975
Chhattisgarh State,2019,9,1367,0.815,1677.300613
Chhattisgarh State,2019,10,1553,0.815,1905.521472
Chhattisgarh State,2019,11,1598,0.815,1960.736196
Chhattisgarh State,2019,12,1466,0.815,1798.773006
Chhattisgarh State,2020,1,3064,0.815,3759.509202
Chhattisgarh State,2020,2,3299,0.815,4047.852761
Chhattisgarh State,2020,3,3228,0.815,3960.736196
Chhattisgarh State,2020,4,3953,0.815,4850.306748
Chhattisgarh State,2020,5,3953,0.815,4850.306748
Chhattisgarh State,2020,6,4366,0.815,5357.055215
Chhattisgarh State,2020,7,4827,0.815,5922.699387
Chhattisgarh State,2020,8,4924,0.815,6041.717791
Chhattisgarh State,2020,9,6963,0.815,8543.558282
Chhattisgarh State,2020,10,8907,0.815,10928.83436
Chhattisgarh State,2020,11,7330,0.815,8993.865031
Chhattisgarh State,2020,12,8423,0.815,10334.96933
Chhattisgarh State,2021,1,10396,0.815,12755.82822
Chhattisgarh State,2021,2,12416,0.815,15234.35583
Chhattisgarh State,2021,3,12878,0.815,15801.22699
Chhattisgarh State,2021,4,26259,0.815,32219.6319
Chhattisgarh State,2021,5,44883,0.815,55071.16564
Delhi State,2015,1,11350,1,11350
Delhi State,2015,2,10203,1,10203
Delhi State,2015,3,9636,1,9636
Delhi State,2015,4,8346,1,8346
Delhi State,2015,5,8935,1,8935
Delhi State,2015,6,7655,1,7655
Delhi State,2015,7,7895,1,7895
Delhi State,2015,8,9101,1,9101
Delhi State,2015,9,9858,1,9858
Delhi State,2015,10,9119,1,9119
Delhi State,2015,11,8947,1,8947
Delhi State,2015,12,9575,1,9575
Delhi State,2016,1,12276,1,12276
Delhi State,2016,2,10175,1,10175
Delhi State,2016,3,9699,1,9699
Delhi State,2016,4,9222,1,9222
Delhi State,2016,5,9707,1,9707
Delhi State,2016,6,8577,1,8577
Delhi State,2016,7,10346,1,10346
Delhi State,2016,8,11156,1,11156
Delhi State,2016,9,12851,1,12851
Delhi State,2016,10,11192,1,11192
Delhi State,2016,11,10120,1,10120
Delhi State,2016,12,10999,1,10999
Delhi State,2017,1,11432,1,11432
Delhi State,2017,2,9452,1,9452
Delhi State,2017,3,9813,1,9813
Delhi State,2017,4,9523,1,9523
Delhi State,2017,5,9767,1,9767
Delhi State,2017,6,9100,1,9100
Delhi State,2017,7,9597,1,9597
Delhi State,2017,8,10389,1,10389
Delhi State,2017,9,9311,1,9311
Delhi State,2017,10,10522,1,10522
Delhi State,2017,11,10322,1,10322
Delhi State,2017,12,10836,1,10836
Delhi State,2018,1,15745,1,15745
Delhi State,2018,2,12565,1,12565
Delhi State,2018,3,12053,1,12053
Delhi State,2018,4,11073,1,11073
Delhi State,2018,5,11203,1,11203
Delhi State,2018,6,11424,1,11424
Delhi State,2018,7,10456,1,10456
Delhi State,2018,8,11562,1,11562
Delhi State,2018,9,12481,1,12481
Delhi State,2018,10,12316,1,12316
Delhi State,2018,11,11630,1,11630
Delhi State,2018,12,13025,1,13025
Delhi State,2019,1,15565,1,15565
Delhi State,2019,2,12990,1,12990
Delhi State,2019,3,12423,1,12423
Delhi State,2019,4,10802,1,10802
Delhi State,2019,5,11153,1,11153
Delhi State,2019,6,11531,1,11531
Delhi State,2019,7,10956,1,10956
Delhi State,2019,8,11754,1,11754
Delhi State,2019,9,11550,1,11550
Delhi State,2019,10,11639,1,11639
Delhi State,2019,11,11492,1,11492
Delhi State,2019,12,13429,1,13429
Delhi State,2020,1,15744,1,15744
Delhi State,2020,2,14082,1,14082
Delhi State,2020,3,12559,1,12559
Delhi State,2020,4,6122,1,6122
Delhi State,2020,5,7331,1,7331
Delhi State,2020,6,14306,1,14306
Delhi State,2020,7,13797,1,13797
Delhi State,2020,8,11400,1,11400
Delhi State,2020,9,14181,1,14181
Delhi State,2020,10,12324,1,12324
Delhi State,2020,11,15318,1,15318
Delhi State,2020,12,16285,1,16285
Delhi State,2021,1,19137,1,19137
Delhi State,2021,2,19281,1,19281
Delhi State,2021,3,18514,1,18514
Delhi State,2021,4,16386,1,16386
Delhi State,2021,5,27890,1,27890
Delhi State,2021,6,21968,1,21968
Gujarat State,2020,3,23352,1,23352
Gujarat State,2020,4,21591,1,21591
Gujarat State,2020,5,13125,1,13125
Gujarat State,2021,3,26026,1,26026
Gujarat State,2021,4,57796,1,57796
Gujarat State,2021,5,40051,1,40051
Haryana State,2018,1,17818,1,17818
Haryana State,2018,2,14614,1,14614
Haryana State,2018,3,14567,1,14567
Haryana State,2018,4,13580,1,13580
Haryana State,2018,5,14335,1,14335
Haryana State,2018,6,14772,1,14772
Haryana State,2018,7,13115,1,13115
Haryana State,2018,8,13648,1,13648
Haryana State,2018,9,14079,1,14079
Haryana State,2018,10,15564,1,15564
Haryana State,2018,11,15941,1,15941
Haryana State,2018,12,16601,1,16601
Haryana State,2019,1,17638,1,17638
Haryana State,2019,2,15268,1,15268
Haryana State,2019,3,15316,1,15316
Haryana State,2019,4,13658,1,13658
Haryana State,2019,5,14630,1,14630
Haryana State,2019,6,14946,1,14946
Haryana State,2019,7,13486,1,13486
Haryana State,2019,8,14871,1,14871
Haryana State,2019,9,14861,1,14861
Haryana State,2019,10,15003,1,15003
Haryana State,2019,11,15527,1,15527
Haryana State,2019,12,18591,1,18591
Haryana State,2020,1,19066,1,19066
Haryana State,2020,2,15757,1,15757
Haryana State,2020,3,14787,1,14787
Haryana State,2020,4,12965,1,12965
Haryana State,2020,5,15455,1,15455
Haryana State,2020,6,15496,1,15496
Haryana State,2020,7,15590,1,15590
Haryana State,2020,8,15581,1,15581
Haryana State,2020,9,17253,1,17253
Haryana State,2020,10,16611,1,16611
Haryana State,2020,11,20194,1,20194
Haryana State,2020,12,19468,1,19468
Haryana State,2021,1,17858,1,17858
Haryana State,2021,2,13950,1,13950
Haryana State,2021,3,14908,1,14908
Haryana State,2021,4,28276,1,28276
Haryana State,2021,5,46108,1,46108
Himachal Pradesh State,2018,1,4369,0.839,5207.38975
Himachal Pradesh State,2018,2,3598,0.839,4288.438617
Himachal Pradesh State,2018,3,3507,0.839,4179.976162
Himachal Pradesh State,2018,4,3013,0.839,3591.179976
Himachal Pradesh State,2018,5,3272,0.839,3899.88081
Himachal Pradesh State,2018,6,3048,0.839,3632.896305
Himachal Pradesh State,2018,7,2932,0.839,3494.636472
Himachal Pradesh State,2018,8,2988,0.839,3561.382598
Himachal Pradesh State,2018,9,3042,0.839,3625.744934
Himachal Pradesh State,2018,10,3315,0.839,3951.1323
Himachal Pradesh State,2018,11,3255,0.839,3879.618594
Himachal Pradesh State,2018,12,3794,0.839,4522.05006
Himachal Pradesh State,2019,1,3990,0.864,4618.055556
Himachal Pradesh State,2019,2,3794,0.864,4391.203704
Himachal Pradesh State,2019,3,3701,0.864,4283.564815
Himachal Pradesh State,2019,4,3009,0.864,3482.638889
Himachal Pradesh State,2019,5,3021,0.864,3496.527778
Himachal Pradesh State,2019,6,3285,0.864,3802.083333
Himachal Pradesh State,2019,7,2945,0.864,3408.564815
Himachal Pradesh State,2019,8,3176,0.864,3675.925926
Himachal Pradesh State,2019,9,3174,0.864,3673.611111
Himachal Pradesh State,2019,10,3330,0.864,3854.166667
Himachal Pradesh State,2019,11,3495,0.864,4045.138889
Himachal Pradesh State,2019,12,4050,0.864,4687.5
Himachal Pradesh State,2020,1,4089,0.864,4732.638889
Himachal Pradesh State,2020,2,3542,0.864,4099.537037
Himachal Pradesh State,2020,3,3175,0.864,3674.768519
Himachal Pradesh State,2020,4,2904,0.864,3361.111111
Himachal Pradesh State,2020,5,3096,0.864,3583.333333
Himachal Pradesh State,2020,6,3053,0.864,3533.564815
Himachal Pradesh State,2020,7,2982,0.864,3451.388889
Himachal Pradesh State,2020,8,3278,0.864,3793.981481
Himachal Pradesh State,2020,9,3530,0.864,4085.648148
Himachal Pradesh State,2020,10,3665,0.864,4241.898148
Himachal Pradesh State,2020,11,4647,0.864,5378.472222
Himachal Pradesh State,2020,12,4455,0.864,5156.25
Himachal Pradesh State,2021,1,3878,0.864,4488.425926
Himachal Pradesh State,2021,2,3215,0.864,3721.064815
Himachal Pradesh State,2021,3,3051,0.864,3531.25
Himachal Pradesh State,2021,4,3769,0.864,4362.268519
Himachal Pradesh State,2021,5,7267,0.864,8410.87963
Karnataka State,2015,1,36982,0.962,38442.82744
Karnataka State,2015,2,31974,0.962,33237.00624
Karnataka State,2015,3,32928,0.962,34228.69023
Karnataka State,2015,4,29152,0.962,30303.5343
Karnataka State,2015,5,30338,0.962,31536.38254
Karnataka State,2015,6,33092,0.962,34399.1684
Karnataka State,2015,7,33045,0.962,34350.31185
Karnataka State,2015,8,33002,0.962,34305.61331
Karnataka State,2015,9,31873,0.962,33132.01663
Karnataka State,2015,10,33008,0.962,34311.85031
Karnataka State,2015,11,33200,0.962,34511.43451
Karnataka State,2015,12,35137,0.962,36524.94802
Karnataka State,2016,1,34598,1,34598
Karnataka State,2016,2,32206,1,32206
Karnataka State,2016,3,34855,1,34855
Karnataka State,2016,4,32274,1,32274
Karnataka State,2016,5,34292,1,34292
Karnataka State,2016,6,35307,1,35307
Karnataka State,2016,7,35526,1,35526
Karnataka State,2016,8,39293,1,39293
Karnataka State,2016,9,35780,1,35780
Karnataka State,2016,10,33560,1,33560
Karnataka State,2016,11,36769,1,36769
Karnataka State,2016,12,36314,1,36314
Karnataka State,2017,1,41135,1,41135
Karnataka State,2017,2,35940,1,35940
Karnataka State,2017,3,39998,1,39998
Karnataka State,2017,4,35486,1,35486
Karnataka State,2017,5,38918,1,38918
Karnataka State,2017,6,37890,1,37890
Karnataka State,2017,7,39238,1,39238
Karnataka State,2017,8,41390,1,41390
Karnataka State,2017,9,40959,1,40959
Karnataka State,2017,10,43644,1,43644
Karnataka State,2017,11,44189,1,44189
Karnataka State,2017,12,42960,1,42960
Karnataka State,2018,1,51127,1,51127
Karnataka State,2018,2,39904,1,39904
Karnataka State,2018,3,42201,1,42201
Karnataka State,2018,4,36047,1,36047
Karnataka State,2018,5,35038,1,35038
Karnataka State,2018,6,40082,1,40082
Karnataka State,2018,7,39085,1,39085
Karnataka State,2018,8,39544,1,39544
Karnataka State,2018,9,40343,1,40343
Karnataka State,2018,10,39860,1,39860
Karnataka State,2018,11,40529,1,40529
Karnataka State,2018,12,39751,1,39751
Karnataka State,2019,1,42645,1,42645
Karnataka State,2019,2,38643,1,38643
Karnataka State,2019,3,41644,1,41644
Karnataka State,2019,4,32954,1,32954
Karnataka State,2019,5,41862,1,41862
Karnataka State,2019,6,37403,1,37403
Karnataka State,2019,7,44684,1,44684
Karnataka State,2019,8,44696,1,44696
Karnataka State,2019,9,45189,1,45189
Karnataka State,2019,10,44905,1,44905
Karnataka State,2019,11,48488,1,48488
Karnataka State,2019,12,45471,1,45471
Karnataka State,2020,1,47440,1,47440
Karnataka State,2020,2,42034,1,42034
Karnataka State,2020,3,32794,1,32794
Karnataka State,2020,4,19629,1,19629
Karnataka State,2020,5,39502,1,39502
Karnataka State,2020,6,43905,1,43905
Karnataka State,2020,7,43725,1,43725
Karnataka State,2020,8,58888,1,58888
Karnataka State,2020,9,67444,1,67444
Karnataka State,2020,10,59508,1,59508
Karnataka State,2020,11,53335,1,53335
Karnataka State,2020,12,43604,1,43604
Karnataka State,2021,1,50319,1,50319
Karnataka State,2021,2,45884,1,45884
Karnataka State,2021,3,45987,1,45987
Karnataka State,2021,4,46000,1,46000
Karnataka State,2021,5,77000,1,77000
Karnataka State,2021,6,93797,1,93797
Karnataka State,2021,7,63840,1,63840
Karnataka State,2021,8,51243,1,51243
Karnataka State,2021,9,31490,1,31490
Kerala State,2015,1,21996,1,21996
Kerala State,2015,2,18215,1,18215
Kerala State,2015,3,19078,1,19078
Kerala State,2015,4,17808,1,17808
Kerala State,2015,5,19047,1,19047
Kerala State,2015,6,18365,1,18365
Kerala State,2015,7,20958,1,20958
Kerala State,2015,8,20885,1,20885
Kerala State,2015,9,18901,1,18901
Kerala State,2015,10,19553,1,19553
Kerala State,2015,11,20813,1,20813
Kerala State,2015,12,21236,1,21236
Kerala State,2016,1,21146,0.943,22424.17815
Kerala State,2016,2,18642,0.943,19768.82291
Kerala State,2016,3,19143,0.943,20300.10604
Kerala State,2016,4,20169,0.943,21388.12301
Kerala State,2016,5,19098,0.943,20252.386
Kerala State,2016,6,20337,0.943,21566.27784
Kerala State,2016,7,23432,0.943,24848.35631
Kerala State,2016,8,22577,0.943,23941.6755
Kerala State,2016,9,21314,0.943,22602.33298
Kerala State,2016,10,19886,0.943,21088.01697
Kerala State,2016,11,18856,0.943,19995.75822
Kerala State,2016,12,20303,0.943,21530.22269
Kerala State,2017,1,20326,1,20326
Kerala State,2017,2,18128,1,18128
Kerala State,2017,3,19013,1,19013
Kerala State,2017,4,19014,1,19014
Kerala State,2017,5,20053,1,20053
Kerala State,2017,6,22597,1,22597
Kerala State,2017,7,26302,1,26302
Kerala State,2017,8,23101,1,23101
Kerala State,2017,9,21513,1,21513
Kerala State,2017,10,20681,1,20681
Kerala State,2017,11,20083,1,20083
Kerala State,2017,12,21292,1,21292
Kerala State,2018,1,22081,1,22081
Kerala State,2018,2,19354,1,19354
Kerala State,2018,3,19843,1,19843
Kerala State,2018,4,18825,1,18825
Kerala State,2018,5,19370,1,19370
Kerala State,2018,6,20435,1,20435
Kerala State,2018,7,23372,1,23372
Kerala State,2018,8,25683,1,25683
Kerala State,2018,9,22844,1,22844
Kerala State,2018,10,21075,1,21075
Kerala State,2018,11,21031,1,21031
Kerala State,2018,12,21681,1,21681
Kerala State,2019,1,23676,1,23676
Kerala State,2019,2,19892,1,19892
Kerala State,2019,3,20640,1,20640
Kerala State,2019,4,19983,1,19983
Kerala State,2019,5,20514,1,20514
Kerala State,2019,6,20509,1,20509
Kerala State,2019,7,24567,1,24567
Kerala State,2019,8,25475,1,25475
Kerala State,2019,9,24318,1,24318
Kerala State,2019,10,22005,1,22005
Kerala State,2019,11,21626,1,21626
Kerala State,2019,12,20945,1,20945
Kerala State,2020,1,21357,1,21357
Kerala State,2020,2,19714,1,19714
Kerala State,2020,3,19581,1,19581
Kerala State,2020,4,17212,1,17212
Kerala State,2020,5,17680,1,17680
Kerala State,2020,6,19346,1,19346
Kerala State,2020,7,20963,1,20963
Kerala State,2020,8,23394,1,23394
Kerala State,2020,9,22704,1,22704
Kerala State,2020,10,24949,1,24949
Kerala State,2020,11,22115,1,22115
Kerala State,2020,12,23406,1,23406
Kerala State,2021,1,23334,1,23334
Kerala State,2021,2,21164,1,21164
Kerala State,2021,3,20727,1,20727
Kerala State,2021,4,20350,1,20350
Kerala State,2021,5,28642,1,28642
Madhya Pradesh State,2018,1,34451,0.788,43719.54315
Madhya Pradesh State,2018,2,29986,0.788,38053.29949
Madhya Pradesh State,2018,3,28504,0.788,36172.58883
Madhya Pradesh State,2018,4,26949,0.788,34199.23858
Madhya Pradesh State,2018,5,32456,0.788,41187.81726
Madhya Pradesh State,2018,6,33818,0.788,42916.24365
Madhya Pradesh State,2018,7,36523,0.788,46348.98477
Madhya Pradesh State,2018,8,38230,0.788,48515.22843
Madhya Pradesh State,2018,9,40180,0.788,50989.84772
Madhya Pradesh State,2018,10,37766,0.788,47926.39594
Madhya Pradesh State,2018,11,30349,0.788,38513.95939
Madhya Pradesh State,2018,12,37960,0.788,48172.58883
Madhya Pradesh State,2019,1,39528,0.891,44363.63636
Madhya Pradesh State,2019,2,36005,0.891,40409.65208
Madhya Pradesh State,2019,3,32911,0.891,36937.14927
Madhya Pradesh State,2019,4,28599,0.891,32097.6431
Madhya Pradesh State,2019,5,30506,0.891,34237.9349
Madhya Pradesh State,2019,6,38978,0.891,43746.35241
Madhya Pradesh State,2019,7,38922,0.891,43683.50168
Madhya Pradesh State,2019,8,44151,0.891,49552.18855
Madhya Pradesh State,2019,9,43517,0.891,48840.62851
Madhya Pradesh State,2019,10,37953,0.891,42595.9596
Madhya Pradesh State,2019,11,39124,0.891,43910.21324
Madhya Pradesh State,2019,12,39625,0.891,44472.50281
Madhya Pradesh State,2020,1,41281,0.891,46331.08866
Madhya Pradesh State,2020,2,34645,0.891,38883.27722
Madhya Pradesh State,2020,3,29747,0.891,33386.08305
Madhya Pradesh State,2020,4,24198,0.891,27158.24916
Madhya Pradesh State,2020,5,34320,0.891,38518.51852
Madhya Pradesh State,2020,6,37399,0.891,41974.18631
Madhya Pradesh State,2020,7,41303,0.891,46355.78002
Madhya Pradesh State,2020,8,40213,0.891,45132.43547
Madhya Pradesh State,2020,9,47315,0.891,53103.25477
Madhya Pradesh State,2020,10,45208,0.891,50738.49607
Madhya Pradesh State,2020,11,40283,0.891,45210.99888
Madhya Pradesh State,2020,12,45145,0.891,50667.789
Madhya Pradesh State,2021,1,44133,0.891,49531.98653
Madhya Pradesh State,2021,2,36535,0.891,41004.48934
Madhya Pradesh State,2021,3,34667,0.891,38907.96857
Madhya Pradesh State,2021,4,68535,0.891,76919.19192
Madhya Pradesh State,2021,5,164838,0.891,185003.367
Maharashtra State,2015,1,36982,0.975,37930.25641
Maharashtra State,2015,2,31974,0.975,32793.84615
Maharashtra State,2015,3,32928,0.975,33772.30769
Maharashtra State,2015,4,29152,0.975,29899.48718
Maharashtra State,2015,5,30338,0.975,31115.89744
Maharashtra State,2015,6,33092,0.975,33940.51282
Maharashtra State,2015,7,33045,0.975,33892.30769
Maharashtra State,2015,8,33002,0.975,33848.20513
Maharashtra State,2015,9,31873,0.975,32690.25641
Maharashtra State,2015,10,33008,0.975,33854.35897
Maharashtra State,2015,11,33200,0.975,34051.28205
Maharashtra State,2015,12,35137,0.975,36037.94872
Maharashtra State,2016,1,34598,0.937,36924.22625
Maharashtra State,2016,2,32206,0.937,34371.39808
Maharashtra State,2016,3,34855,0.937,37198.50587
Maharashtra State,2016,4,32274,0.937,34443.97012
Maharashtra State,2016,5,34292,0.937,36597.65208
Maharashtra State,2016,6,35307,0.937,37680.89648
Maharashtra State,2016,7,35526,0.937,37914.62113
Maharashtra State,2016,8,39293,0.937,41934.89861
Maharashtra State,2016,9,35780,0.937,38185.69904
Maharashtra State,2016,10,33560,0.937,35816.43543
Maharashtra State,2016,11,36769,0.937,39241.1953
Maharashtra State,2016,12,36314,0.937,38755.60299
Maharashtra State,2017,1,41135,0.931,44183.67347
Maharashtra State,2017,2,35940,0.931,38603.65199
Maharashtra State,2017,3,39998,0.931,42962.40602
Maharashtra State,2017,4,35486,0.931,38116.0043
Maharashtra State,2017,5,38918,0.931,41802.36305
Maharashtra State,2017,6,37890,0.931,40698.17401
Maharashtra State,2017,7,39238,0.931,42146.07948
Maharashtra State,2017,8,41390,0.931,44457.5725
Maharashtra State,2017,9,40959,0.931,43994.62943
Maharashtra State,2017,10,43644,0.931,46878.62513
Maharashtra State,2017,11,44189,0.931,47464.01719
Maharashtra State,2017,12,42960,0.931,46143.93126
Maharashtra State,2018,1,40214,0.984,40867.88618
Maharashtra State,2018,2,34945,0.984,35513.21138
Maharashtra State,2018,3,34373,0.984,34931.91057
Maharashtra State,2018,4,32105,0.984,32627.03252
Maharashtra State,2018,5,35493,0.984,36070.12195
Maharashtra State,2018,6,30526,0.984,31022.35772
Maharashtra State,2018,7,34736,0.984,35300.81301
Maharashtra State,2018,8,35996,0.984,36581.30081
Maharashtra State,2018,9,38162,0.984,38782.52033
Maharashtra State,2018,10,37942,0.984,38558.94309
Maharashtra State,2018,11,34632,0.984,35195.12195
Maharashtra State,2018,12,37365,0.984,37972.56098
Maharashtra State,2019,1,41092,1,41092
Maharashtra State,2019,2,34139,1,34139
Maharashtra State,2019,3,36951,1,36951
Maharashtra State,2019,4,35865,1,35865
Maharashtra State,2019,5,37957,1,37957
Maharashtra State,2019,6,35405,1,35405
Maharashtra State,2019,7,37508,1,37508
Maharashtra State,2019,8,42983,1,42983
Maharashtra State,2019,9,41847,1,41847
Maharashtra State,2019,10,40028,1,40028
Maharashtra State,2019,11,38191,1,38191
Maharashtra State,2019,12,40062,1,40062
Maharashtra State,2020,1,42448,1,42448
Maharashtra State,2020,2,37213,1,37213
Maharashtra State,2020,3,35077,1,35077
Maharashtra State,2020,4,34328,1,34328
Maharashtra State,2020,5,48610,1,48610
Maharashtra State,2020,6,46496,1,46496
Maharashtra State,2020,7,52132,1,52132
Maharashtra State,2020,8,60220,1,60220
Maharashtra State,2020,9,66453,1,66453
Maharashtra State,2020,10,52260,1,52260
Maharashtra State,2020,11,45077,1,45077
Maharashtra State,2020,12,44866,1,44866
Maharashtra State,2021,1,41360,1,41360
Maharashtra State,2021,2,37391,1,37391
Maharashtra State,2021,3,52197,1,52197
Maharashtra State,2021,4,117723,1,117723
Maharashtra State,2021,5,89452,1,89452
Punjab State,2015,1,19624,1,19624
Punjab State,2015,2,17316,1,17316
Punjab State,2015,3,16500,1,16500
Punjab State,2015,4,15750,1,15750
Punjab State,2015,5,15454,1,15454
Punjab State,2015,6,15614,1,15614
Punjab State,2015,7,15095,1,15095
Punjab State,2015,8,15619,1,15619
Punjab State,2015,9,15986,1,15986
Punjab State,2015,10,15975,1,15975
Punjab State,2015,11,17089,1,17089
Punjab State,2015,12,19707,1,19707
Punjab State,2016,1,18193,1,18193
Punjab State,2016,2,19079,1,19079
Punjab State,2016,3,16500,1,16500
Punjab State,2016,4,15880,1,15880
Punjab State,2016,5,16331,1,16331
Punjab State,2016,6,15902,1,15902
Punjab State,2016,7,16566,1,16566
Punjab State,2016,8,17813,1,17813
Punjab State,2016,9,17451,1,17451
Punjab State,2016,10,16624,1,16624
Punjab State,2016,11,20123,1,20123
Punjab State,2016,12,20386,1,20386
Punjab State,2017,1,19081,1,19081
Punjab State,2017,2,17634,1,17634
Punjab State,2017,3,16784,1,16784
Punjab State,2017,4,15544,1,15544
Punjab State,2017,5,16204,1,16204
Punjab State,2017,6,16441,1,16441
Punjab State,2017,7,16400,1,16400
Punjab State,2017,8,17086,1,17086
Punjab State,2017,9,16407,1,16407
Punjab State,2017,10,16900,1,16900
Punjab State,2017,11,18900,1,18900
Punjab State,2017,12,20624,1,20624
Punjab State,2018,1,22195,1,22195
Punjab State,2018,2,19506,1,19506
Punjab State,2018,3,16005,1,16005
Punjab State,2018,4,15707,1,15707
Punjab State,2018,5,15975,1,15975
Punjab State,2018,6,16468,1,16468
Punjab State,2018,7,16338,1,16338
Punjab State,2018,8,17019,1,17019
Punjab State,2018,9,16131,1,16131
Punjab State,2018,10,17981,1,17981
Punjab State,2018,11,18849,1,18849
Punjab State,2018,12,19039,1,19039
Punjab State,2019,1,22456,1,22456
Punjab State,2019,2,19904,1,19904
Punjab State,2019,3,17442,1,17442
Punjab State,2019,4,15845,1,15845
Punjab State,2019,5,15661,1,15661
Punjab State,2019,6,16515,1,16515
Punjab State,2019,7,15771,1,15771
Punjab State,2019,8,16011,1,16011
Punjab State,2019,9,18031,1,18031
Punjab State,2019,10,16916,1,16916
Punjab State,2019,11,18972,1,18972
Punjab State,2019,12,19598,1,19598
Punjab State,2020,1,22870,1,22870
Punjab State,2020,2,18482,1,18482
Punjab State,2020,3,16185,1,16185
Punjab State,2020,4,14475,1,14475
Punjab State,2020,5,16753,1,16753
Punjab State,2020,6,17606,1,17606
Punjab State,2020,7,17411,1,17411
Punjab State,2020,8,18014,1,18014
Punjab State,2020,9,21393,1,21393
Punjab State,2020,10,21096,1,21096
Punjab State,2020,11,20823,1,20823
Punjab State,2020,12,23028,1,23028
Punjab State,2021,1,20682,1,20682
Punjab State,2021,2,18676,1,18676
Punjab State,2021,3,19100,1,19100
Punjab State,2021,4,24983,1,24983
Punjab State,2021,5,37292,1,37292
Punjab State,2021,6,26656,1,26656
Rajasthan State,2018,1,20798,0.999,20818.81882
Rajasthan State,2018,2,18301,0.999,18319.31932
Rajasthan State,2018,3,18921,0.999,18939.93994
Rajasthan State,2018,4,18018,0.999,18036.03604
Rajasthan State,2018,5,19446,0.999,19465.46547
Rajasthan State,2018,6,17048,0.999,17065.06507
Rajasthan State,2018,7,15640,0.999,15655.65566
Rajasthan State,2018,8,16023,0.999,16039.03904
Rajasthan State,2018,9,15812,0.999,15827.82783
Rajasthan State,2018,10,17226,0.999,17243.24324
Rajasthan State,2018,11,17489,0.999,17506.50651
Rajasthan State,2018,12,21648,0.999,21669.66967
Rajasthan State,2019,1,20239,0.986,20526.36917
Rajasthan State,2019,2,18089,0.986,18345.84178
Rajasthan State,2019,3,17784,0.986,18036.51116
Rajasthan State,2019,4,16651,0.986,16887.42394
Rajasthan State,2019,5,17603,0.986,17852.94118
Rajasthan State,2019,6,19766,0.986,20046.65314
Rajasthan State,2019,7,15656,0.986,15878.29615
Rajasthan State,2019,8,17569,0.986,17818.45842
Rajasthan State,2019,9,19291,0.986,19564.90872
Rajasthan State,2019,10,17924,0.986,18178.49899
Rajasthan State,2019,11,17794,0.986,18046.65314
Rajasthan State,2019,12,21448,0.986,21752.5355
Rajasthan State,2020,1,21954,0.986,22265.72008
Rajasthan State,2020,2,18056,0.986,18312.37323
Rajasthan State,2020,3,16378,0.986,16610.54767
Rajasthan State,2020,4,17596,0.986,17845.84178
Rajasthan State,2020,5,20582,0.986,20874.23935
Rajasthan State,2020,6,17959,0.986,18213.99594
Rajasthan State,2020,7,17151,0.986,17394.52333
Rajasthan State,2020,8,17918,0.986,18172.41379
Rajasthan State,2020,9,18719,0.986,18984.78702
Rajasthan State,2020,10,18405,0.986,18666.3286
Rajasthan State,2020,11,21265,0.986,21566.93712
Rajasthan State,2020,12,23581,0.986,23915.8215
Rajasthan State,2021,1,19622,0.986,19900.60852
Rajasthan State,2021,2,14860,0.986,15070.99391
Rajasthan State,2021,3,16084,0.986,16312.37323
Rajasthan State,2021,4,26251,0.986,26623.73225
Rajasthan State,2021,5,49046,0.986,49742.39351
Tamil Nadu State,2018,1,55390,1,55390
Tamil Nadu State,2018,2,47231,1,47231
Tamil Nadu State,2018,3,46703,1,46703
Tamil Nadu State,2018,4,43586,1,43586
Tamil Nadu State,2018,5,43928,1,43928
Tamil Nadu State,2018,6,43222,1,43222
Tamil Nadu State,2018,7,42633,1,42633
Tamil Nadu State,2018,8,41051,1,41051
Tamil Nadu State,2018,9,40484,1,40484
Tamil Nadu State,2018,10,46337,1,46337
Tamil Nadu State,2018,11,51602,1,51602
Tamil Nadu State,2018,12,34025,1,34025
Tamil Nadu State,2019,1,58405,1,58405
Tamil Nadu State,2019,2,46560,1,46560
Tamil Nadu State,2019,3,47772,1,47772
Tamil Nadu State,2019,4,45913,1,45913
Tamil Nadu State,2019,5,51639,1,51639
Tamil Nadu State,2019,6,48868,1,48868
Tamil Nadu State,2019,7,45762,1,45762
Tamil Nadu State,2019,8,47385,1,47385
Tamil Nadu State,2019,9,48621,1,48621
Tamil Nadu State,2019,10,53028,1,53028
Tamil Nadu State,2019,11,55658,1,55658
Tamil Nadu State,2019,12,38610,1,38610
Tamil Nadu State,2020,1,58132,1,58132
Tamil Nadu State,2020,2,48893,1,48893
Tamil Nadu State,2020,3,45987,1,45987
Tamil Nadu State,2020,4,41482,1,41482
Tamil Nadu State,2020,5,50834,1,50834
Tamil Nadu State,2020,6,50687,1,50687
Tamil Nadu State,2020,7,60052,1,60052
Tamil Nadu State,2020,8,70033,1,70033
Tamil Nadu State,2020,9,65447,1,65447
Tamil Nadu State,2020,10,60096,1,60096
Tamil Nadu State,2020,11,52231,1,52231
Tamil Nadu State,2020,12,40417,1,40417
Tamil Nadu State,2021,1,62273,1,62273
Tamil Nadu State,2021,2,52845,1,52845
Tamil Nadu State,2021,3,50959,1,50959
Tamil Nadu State,2021,4,58775,1,58775
Tamil Nadu State,2021,5,93573,1,93573
Tamil Nadu State,2021,6,154828,1,154828
Tamil Nadu State,2021,7,88664,1,88664
Tamil Nadu State,2021,8,45390,1,45390
Tamil Nadu State,2021,9,57978,1,57978
Tamil Nadu State,2021,10,51989,1,51989
Tamil Nadu State,2021,11,67703,1,67703
Tamil Nadu State,2021,12,76391,1,76391
Uttar Pradesh State,2019,1,68962,0.633,108944.7077
Uttar Pradesh State,2019,2,69809,0.633,110282.7804
Uttar Pradesh State,2019,3,63962,0.633,101045.8136
Uttar Pradesh State,2019,4,56583,0.633,89388.62559
Uttar Pradesh State,2019,5,55338,0.633,87421.80095
Uttar Pradesh State,2019,6,62657,0.633,98984.20221
Uttar Pradesh State,2019,7,63604,0.633,100480.2528
Uttar Pradesh State,2019,8,67811,0.633,107126.3823
Uttar Pradesh State,2019,9,69589,0.633,109935.2291
Uttar Pradesh State,2019,10,60004,0.633,94793.04897
Uttar Pradesh State,2019,11,66740,0.633,105434.4392
Uttar Pradesh State,2019,12,66324,0.633,104777.2512
Uttar Pradesh State,2020,1,75773,0.633,119704.5814
Uttar Pradesh State,2020,2,50576,0.633,79898.89415
Uttar Pradesh State,2020,3,41683,0.633,65849.92101
Uttar Pradesh State,2020,4,20715,0.633,32725.11848
Uttar Pradesh State,2020,5,33543,0.633,52990.52133
Uttar Pradesh State,2020,6,59020,0.633,93238.5466
Uttar Pradesh State,2020,7,68382,0.633,108028.436
Uttar Pradesh State,2020,8,78658,0.633,124262.2433
Uttar Pradesh State,2020,9,92947,0.633,146835.703
Uttar Pradesh State,2020,10,90023,0.633,142216.4297
Uttar Pradesh State,2020,11,80981,0.633,127932.0695
Uttar Pradesh State,2020,12,99184,0.633,156688.7836
Uttar Pradesh State,2021,1,103048,0.633,162793.049
Uttar Pradesh State,2021,2,98047,0.633,154892.575
Uttar Pradesh State,2021,3,70797,0.633,111843.6019
Uttar Pradesh State,2021,4,61986,0.633,97924.17062
West Bengal State,2018,1,44067,0.918,48003.26797
West Bengal State,2018,2,32036,0.918,34897.60349
West Bengal State,2018,3,29986,0.918,32664.48802
West Bengal State,2018,4,25484,0.918,27760.34858
West Bengal State,2018,5,27630,0.918,30098.03922
West Bengal State,2018,6,27509,0.918,29966.23094
West Bengal State,2018,7,27650,0.918,30119.82571
West Bengal State,2018,8,29809,0.918,32471.67756
West Bengal State,2018,9,31350,0.918,34150.3268
West Bengal State,2018,10,33413,0.918,36397.60349
West Bengal State,2018,11,34698,0.918,37797.38562
West Bengal State,2018,12,41949,0.918,45696.07843
West Bengal State,2019,1,44476,1,44476
West Bengal State,2019,2,37050,1,37050
West Bengal State,2019,3,36797,1,36797
West Bengal State,2019,4,31733,1,31733
West Bengal State,2019,5,33102,1,33102
West Bengal State,2019,6,35373,1,35373
West Bengal State,2019,7,36793,1,36793
West Bengal State,2019,8,35742,1,35742
West Bengal State,2019,9,33254,1,33254
West Bengal State,2019,10,39812,1,39812
West Bengal State,2019,11,41958,1,41958
West Bengal State,2019,12,51471,1,51471
West Bengal State,2020,1,52439,1,52439
West Bengal State,2020,2,44182,1,44182
West Bengal State,2020,3,36376,1,36376
West Bengal State,2020,4,32933,1,32933
West Bengal State,2020,5,36542,1,36542
West Bengal State,2020,6,37480,1,37480
West Bengal State,2020,7,44056,1,44056
West Bengal State,2020,8,47965,1,47965
West Bengal State,2020,9,46553,1,46553
West Bengal State,2020,10,56450,1,56450
West Bengal State,2020,11,46343,1,46343
West Bengal State,2020,12,57444,1,57444
West Bengal State,2021,1,51745,1,51745
West Bengal State,2021,2,42479,1,42479
West Bengal State,2021,3,35659,1,35659
West Bengal State,2021,4,46816,1,46816
West Bengal State,2021,5,76183,1,76183
